/*
Navicat MySQL Data Transfer

Source Server         : 127
Source Server Version : 50512
Source Host           : localhost:3306
Source Database       : quanmin_quartz

Target Server Type    : MYSQL
Target Server Version : 50512
File Encoding         : 65001

Date: 2018-02-04 10:33:22
*/

SET FOREIGN_KEY_CHECKS=0;

-- ----------------------------
-- Table structure for `qrtz_blob_triggers`
-- ----------------------------
DROP TABLE IF EXISTS `qrtz_blob_triggers`;
CREATE TABLE `qrtz_blob_triggers` (
  `SCHED_NAME` varchar(120) NOT NULL,
  `TRIGGER_NAME` varchar(200) NOT NULL,
  `TRIGGER_GROUP` varchar(200) NOT NULL,
  `BLOB_DATA` blob,
  PRIMARY KEY (`SCHED_NAME`,`TRIGGER_NAME`,`TRIGGER_GROUP`),
  KEY `SCHED_NAME` (`SCHED_NAME`,`TRIGGER_NAME`,`TRIGGER_GROUP`),
  CONSTRAINT `qrtz_blob_triggers_ibfk_1` FOREIGN KEY (`SCHED_NAME`, `TRIGGER_NAME`, `TRIGGER_GROUP`) REFERENCES `qrtz_triggers` (`SCHED_NAME`, `TRIGGER_NAME`, `TRIGGER_GROUP`)
) ENGINE=InnoDB DEFAULT CHARSET=utf8;

-- ----------------------------
-- Records of qrtz_blob_triggers
-- ----------------------------

-- ----------------------------
-- Table structure for `qrtz_calendars`
-- ----------------------------
DROP TABLE IF EXISTS `qrtz_calendars`;
CREATE TABLE `qrtz_calendars` (
  `SCHED_NAME` varchar(120) NOT NULL,
  `CALENDAR_NAME` varchar(200) NOT NULL,
  `CALENDAR` blob NOT NULL,
  PRIMARY KEY (`SCHED_NAME`,`CALENDAR_NAME`)
) ENGINE=InnoDB DEFAULT CHARSET=utf8;

-- ----------------------------
-- Records of qrtz_calendars
-- ----------------------------

-- ----------------------------
-- Table structure for `qrtz_cron_triggers`
-- ----------------------------
DROP TABLE IF EXISTS `qrtz_cron_triggers`;
CREATE TABLE `qrtz_cron_triggers` (
  `SCHED_NAME` varchar(120) NOT NULL,
  `TRIGGER_NAME` varchar(200) NOT NULL,
  `TRIGGER_GROUP` varchar(200) NOT NULL,
  `CRON_EXPRESSION` varchar(120) NOT NULL,
  `TIME_ZONE_ID` varchar(80) DEFAULT NULL,
  PRIMARY KEY (`SCHED_NAME`,`TRIGGER_NAME`,`TRIGGER_GROUP`),
  CONSTRAINT `qrtz_cron_triggers_ibfk_1` FOREIGN KEY (`SCHED_NAME`, `TRIGGER_NAME`, `TRIGGER_GROUP`) REFERENCES `qrtz_triggers` (`SCHED_NAME`, `TRIGGER_NAME`, `TRIGGER_GROUP`)
) ENGINE=InnoDB DEFAULT CHARSET=utf8;

-- ----------------------------
-- Records of qrtz_cron_triggers
-- ----------------------------
INSERT INTO `qrtz_cron_triggers` VALUES ('RenrenScheduler', 'TASK_1', 'DEFAULT', '0 0/1 * * * ?', 'Asia/Shanghai');
INSERT INTO `qrtz_cron_triggers` VALUES ('RenrenScheduler', 'TASK_2', 'DEFAULT', '0 0/1 * * * ?', 'Asia/Shanghai');
INSERT INTO `qrtz_cron_triggers` VALUES ('RenrenScheduler', 'TASK_4', 'DEFAULT', '0 0/1 * * * ?', 'Asia/Shanghai');

-- ----------------------------
-- Table structure for `qrtz_fired_triggers`
-- ----------------------------
DROP TABLE IF EXISTS `qrtz_fired_triggers`;
CREATE TABLE `qrtz_fired_triggers` (
  `SCHED_NAME` varchar(120) NOT NULL,
  `ENTRY_ID` varchar(95) NOT NULL,
  `TRIGGER_NAME` varchar(200) NOT NULL,
  `TRIGGER_GROUP` varchar(200) NOT NULL,
  `INSTANCE_NAME` varchar(200) NOT NULL,
  `FIRED_TIME` bigint(13) NOT NULL,
  `SCHED_TIME` bigint(13) NOT NULL,
  `PRIORITY` int(11) NOT NULL,
  `STATE` varchar(16) NOT NULL,
  `JOB_NAME` varchar(200) DEFAULT NULL,
  `JOB_GROUP` varchar(200) DEFAULT NULL,
  `IS_NONCONCURRENT` varchar(1) DEFAULT NULL,
  `REQUESTS_RECOVERY` varchar(1) DEFAULT NULL,
  PRIMARY KEY (`SCHED_NAME`,`ENTRY_ID`),
  KEY `IDX_QRTZ_FT_TRIG_INST_NAME` (`SCHED_NAME`,`INSTANCE_NAME`),
  KEY `IDX_QRTZ_FT_INST_JOB_REQ_RCVRY` (`SCHED_NAME`,`INSTANCE_NAME`,`REQUESTS_RECOVERY`),
  KEY `IDX_QRTZ_FT_J_G` (`SCHED_NAME`,`JOB_NAME`,`JOB_GROUP`),
  KEY `IDX_QRTZ_FT_JG` (`SCHED_NAME`,`JOB_GROUP`),
  KEY `IDX_QRTZ_FT_T_G` (`SCHED_NAME`,`TRIGGER_NAME`,`TRIGGER_GROUP`),
  KEY `IDX_QRTZ_FT_TG` (`SCHED_NAME`,`TRIGGER_GROUP`)
) ENGINE=InnoDB DEFAULT CHARSET=utf8;

-- ----------------------------
-- Records of qrtz_fired_triggers
-- ----------------------------

-- ----------------------------
-- Table structure for `qrtz_job_details`
-- ----------------------------
DROP TABLE IF EXISTS `qrtz_job_details`;
CREATE TABLE `qrtz_job_details` (
  `SCHED_NAME` varchar(120) NOT NULL,
  `JOB_NAME` varchar(200) NOT NULL,
  `JOB_GROUP` varchar(200) NOT NULL,
  `DESCRIPTION` varchar(250) DEFAULT NULL,
  `JOB_CLASS_NAME` varchar(250) NOT NULL,
  `IS_DURABLE` varchar(1) NOT NULL,
  `IS_NONCONCURRENT` varchar(1) NOT NULL,
  `IS_UPDATE_DATA` varchar(1) NOT NULL,
  `REQUESTS_RECOVERY` varchar(1) NOT NULL,
  `JOB_DATA` blob,
  PRIMARY KEY (`SCHED_NAME`,`JOB_NAME`,`JOB_GROUP`),
  KEY `IDX_QRTZ_J_REQ_RECOVERY` (`SCHED_NAME`,`REQUESTS_RECOVERY`),
  KEY `IDX_QRTZ_J_GRP` (`SCHED_NAME`,`JOB_GROUP`)
) ENGINE=InnoDB DEFAULT CHARSET=utf8;

-- ----------------------------
-- Records of qrtz_job_details
-- ----------------------------
INSERT INTO `qrtz_job_details` VALUES ('RenrenScheduler', 'TASK_1', 'DEFAULT', null, 'com.ybg.quartz.schedule.util.ScheduleJob', '0', '0', '0', '0', 0xACED0005737200156F72672E71756172747A2E4A6F62446174614D61709FB083E8BFA9B0CB020000787200266F72672E71756172747A2E7574696C732E537472696E674B65794469727479466C61674D61708208E8C3FBC55D280200015A0013616C6C6F77735472616E7369656E74446174617872001D6F72672E71756172747A2E7574696C732E4469727479466C61674D617013E62EAD28760ACE0200025A000564697274794C00036D617074000F4C6A6176612F7574696C2F4D61703B787001737200116A6176612E7574696C2E486173684D61700507DAC1C31660D103000246000A6C6F6164466163746F724900097468726573686F6C6478703F4000000000000C7708000000100000000174000D4A4F425F504152414D5F4B455973720030636F6D2E7962672E71756172747A2E7363686564756C652E646F6D61696E2E5363686564756C654A6F62456E7469747900000000000000010200084C00086265616E4E616D657400124C6A6176612F6C616E672F537472696E673B4C000A63726561746554696D6571007E00094C000E63726F6E45787072657373696F6E71007E00094C00056A6F6249647400104C6A6176612F6C616E672F4C6F6E673B4C000A6D6574686F644E616D6571007E00094C0006706172616D7371007E00094C000672656D61726B71007E00094C00067374617475737400134C6A6176612F6C616E672F496E74656765723B7870740008746573745461736B740013323031362D31322D30312032333A31363A343674000D3020302F31202A202A202A203F7372000E6A6176612E6C616E672E4C6F6E673B8BE490CC8F23DF0200014A000576616C7565787200106A6176612E6C616E672E4E756D62657286AC951D0B94E08B02000078700000000000000001740004746573747400037265737400057361646173737200116A6176612E6C616E672E496E746567657212E2A0A4F781873802000149000576616C75657871007E0011000000007800);
INSERT INTO `qrtz_job_details` VALUES ('RenrenScheduler', 'TASK_2', 'DEFAULT', null, 'com.ybg.quartz.schedule.util.ScheduleJob', '0', '0', '0', '0', 0xACED0005737200156F72672E71756172747A2E4A6F62446174614D61709FB083E8BFA9B0CB020000787200266F72672E71756172747A2E7574696C732E537472696E674B65794469727479466C61674D61708208E8C3FBC55D280200015A0013616C6C6F77735472616E7369656E74446174617872001D6F72672E71756172747A2E7574696C732E4469727479466C61674D617013E62EAD28760ACE0200025A000564697274794C00036D617074000F4C6A6176612F7574696C2F4D61703B787001737200116A6176612E7574696C2E486173684D61700507DAC1C31660D103000246000A6C6F6164466163746F724900097468726573686F6C6478703F4000000000000C7708000000100000000174000D4A4F425F504152414D5F4B455973720030636F6D2E7962672E71756172747A2E7363686564756C652E646F6D61696E2E5363686564756C654A6F62456E7469747900000000000000010200084C00086265616E4E616D657400124C6A6176612F6C616E672F537472696E673B4C000A63726561746554696D6571007E00094C000E63726F6E45787072657373696F6E71007E00094C00056A6F6249647400104C6A6176612F6C616E672F4C6F6E673B4C000A6D6574686F644E616D6571007E00094C0006706172616D7371007E00094C000672656D61726B71007E00094C00067374617475737400134C6A6176612F6C616E672F496E74656765723B7870740008746573745461736B740013323031362D31322D30332031343A35353A353674000D3020302F31202A202A202A203F7372000E6A6176612E6C616E672E4C6F6E673B8BE490CC8F23DF0200014A000576616C7565787200106A6176612E6C616E672E4E756D62657286AC951D0B94E08B02000078700000000000000002740004746573747400037265737400057361646173737200116A6176612E6C616E672E496E746567657212E2A0A4F781873802000149000576616C75657871007E0011000000007800);
INSERT INTO `qrtz_job_details` VALUES ('RenrenScheduler', 'TASK_4', 'DEFAULT', null, 'com.ybg.quartz.schedule.util.ScheduleJob', '0', '0', '0', '0', 0xACED0005737200156F72672E71756172747A2E4A6F62446174614D61709FB083E8BFA9B0CB020000787200266F72672E71756172747A2E7574696C732E537472696E674B65794469727479466C61674D61708208E8C3FBC55D280200015A0013616C6C6F77735472616E7369656E74446174617872001D6F72672E71756172747A2E7574696C732E4469727479466C61674D617013E62EAD28760ACE0200025A000564697274794C00036D617074000F4C6A6176612F7574696C2F4D61703B787001737200116A6176612E7574696C2E486173684D61700507DAC1C31660D103000246000A6C6F6164466163746F724900097468726573686F6C6478703F4000000000000C7708000000100000000174000D4A4F425F504152414D5F4B455973720030636F6D2E7962672E71756172747A2E7363686564756C652E646F6D61696E2E5363686564756C654A6F62456E7469747900000000000000010200084C00086265616E4E616D657400124C6A6176612F6C616E672F537472696E673B4C000A63726561746554696D6571007E00094C000E63726F6E45787072657373696F6E71007E00094C00056A6F6249647400104C6A6176612F6C616E672F4C6F6E673B4C000A6D6574686F644E616D6571007E00094C0006706172616D7371007E00094C000672656D61726B71007E00094C00067374617475737400134C6A6176612F6C616E672F496E74656765723B7870740008746573745461736B74000A323031372D30362D313774000D3020302F31202A202A202A203F7372000E6A6176612E6C616E672E4C6F6E673B8BE490CC8F23DF0200014A000576616C7565787200106A6176612E6C616E672E4E756D62657286AC951D0B94E08B02000078700000000000000004740004746573747400037265737400057361646173737200116A6176612E6C616E672E496E746567657212E2A0A4F781873802000149000576616C75657871007E0011000000007800);

-- ----------------------------
-- Table structure for `qrtz_locks`
-- ----------------------------
DROP TABLE IF EXISTS `qrtz_locks`;
CREATE TABLE `qrtz_locks` (
  `SCHED_NAME` varchar(120) NOT NULL,
  `LOCK_NAME` varchar(40) NOT NULL,
  PRIMARY KEY (`SCHED_NAME`,`LOCK_NAME`)
) ENGINE=InnoDB DEFAULT CHARSET=utf8;

-- ----------------------------
-- Records of qrtz_locks
-- ----------------------------
INSERT INTO `qrtz_locks` VALUES ('RenrenScheduler', 'TRIGGER_ACCESS');

-- ----------------------------
-- Table structure for `qrtz_paused_trigger_grps`
-- ----------------------------
DROP TABLE IF EXISTS `qrtz_paused_trigger_grps`;
CREATE TABLE `qrtz_paused_trigger_grps` (
  `SCHED_NAME` varchar(120) NOT NULL,
  `TRIGGER_GROUP` varchar(200) NOT NULL,
  PRIMARY KEY (`SCHED_NAME`,`TRIGGER_GROUP`)
) ENGINE=InnoDB DEFAULT CHARSET=utf8;

-- ----------------------------
-- Records of qrtz_paused_trigger_grps
-- ----------------------------

-- ----------------------------
-- Table structure for `qrtz_scheduler_state`
-- ----------------------------
DROP TABLE IF EXISTS `qrtz_scheduler_state`;
CREATE TABLE `qrtz_scheduler_state` (
  `SCHED_NAME` varchar(120) NOT NULL,
  `INSTANCE_NAME` varchar(200) NOT NULL,
  `LAST_CHECKIN_TIME` bigint(13) NOT NULL,
  `CHECKIN_INTERVAL` bigint(13) NOT NULL,
  PRIMARY KEY (`SCHED_NAME`,`INSTANCE_NAME`)
) ENGINE=InnoDB DEFAULT CHARSET=utf8;

-- ----------------------------
-- Records of qrtz_scheduler_state
-- ----------------------------

-- ----------------------------
-- Table structure for `qrtz_simple_triggers`
-- ----------------------------
DROP TABLE IF EXISTS `qrtz_simple_triggers`;
CREATE TABLE `qrtz_simple_triggers` (
  `SCHED_NAME` varchar(120) NOT NULL,
  `TRIGGER_NAME` varchar(200) NOT NULL,
  `TRIGGER_GROUP` varchar(200) NOT NULL,
  `REPEAT_COUNT` bigint(7) NOT NULL,
  `REPEAT_INTERVAL` bigint(12) NOT NULL,
  `TIMES_TRIGGERED` bigint(10) NOT NULL,
  PRIMARY KEY (`SCHED_NAME`,`TRIGGER_NAME`,`TRIGGER_GROUP`),
  CONSTRAINT `qrtz_simple_triggers_ibfk_1` FOREIGN KEY (`SCHED_NAME`, `TRIGGER_NAME`, `TRIGGER_GROUP`) REFERENCES `qrtz_triggers` (`SCHED_NAME`, `TRIGGER_NAME`, `TRIGGER_GROUP`)
) ENGINE=InnoDB DEFAULT CHARSET=utf8;

-- ----------------------------
-- Records of qrtz_simple_triggers
-- ----------------------------

-- ----------------------------
-- Table structure for `qrtz_simprop_triggers`
-- ----------------------------
DROP TABLE IF EXISTS `qrtz_simprop_triggers`;
CREATE TABLE `qrtz_simprop_triggers` (
  `SCHED_NAME` varchar(120) NOT NULL,
  `TRIGGER_NAME` varchar(200) NOT NULL,
  `TRIGGER_GROUP` varchar(200) NOT NULL,
  `STR_PROP_1` varchar(512) DEFAULT NULL,
  `STR_PROP_2` varchar(512) DEFAULT NULL,
  `STR_PROP_3` varchar(512) DEFAULT NULL,
  `INT_PROP_1` int(11) DEFAULT NULL,
  `INT_PROP_2` int(11) DEFAULT NULL,
  `LONG_PROP_1` bigint(20) DEFAULT NULL,
  `LONG_PROP_2` bigint(20) DEFAULT NULL,
  `DEC_PROP_1` decimal(13,4) DEFAULT NULL,
  `DEC_PROP_2` decimal(13,4) DEFAULT NULL,
  `BOOL_PROP_1` varchar(1) DEFAULT NULL,
  `BOOL_PROP_2` varchar(1) DEFAULT NULL,
  PRIMARY KEY (`SCHED_NAME`,`TRIGGER_NAME`,`TRIGGER_GROUP`),
  CONSTRAINT `qrtz_simprop_triggers_ibfk_1` FOREIGN KEY (`SCHED_NAME`, `TRIGGER_NAME`, `TRIGGER_GROUP`) REFERENCES `qrtz_triggers` (`SCHED_NAME`, `TRIGGER_NAME`, `TRIGGER_GROUP`)
) ENGINE=InnoDB DEFAULT CHARSET=utf8;

-- ----------------------------
-- Records of qrtz_simprop_triggers
-- ----------------------------

-- ----------------------------
-- Table structure for `qrtz_triggers`
-- ----------------------------
DROP TABLE IF EXISTS `qrtz_triggers`;
CREATE TABLE `qrtz_triggers` (
  `SCHED_NAME` varchar(120) NOT NULL,
  `TRIGGER_NAME` varchar(200) NOT NULL,
  `TRIGGER_GROUP` varchar(200) NOT NULL,
  `JOB_NAME` varchar(200) NOT NULL,
  `JOB_GROUP` varchar(200) NOT NULL,
  `DESCRIPTION` varchar(250) DEFAULT NULL,
  `NEXT_FIRE_TIME` bigint(13) DEFAULT NULL,
  `PREV_FIRE_TIME` bigint(13) DEFAULT NULL,
  `PRIORITY` int(11) DEFAULT NULL,
  `TRIGGER_STATE` varchar(16) NOT NULL,
  `TRIGGER_TYPE` varchar(8) NOT NULL,
  `START_TIME` bigint(13) NOT NULL,
  `END_TIME` bigint(13) DEFAULT NULL,
  `CALENDAR_NAME` varchar(200) DEFAULT NULL,
  `MISFIRE_INSTR` smallint(2) DEFAULT NULL,
  `JOB_DATA` blob,
  PRIMARY KEY (`SCHED_NAME`,`TRIGGER_NAME`,`TRIGGER_GROUP`),
  KEY `IDX_QRTZ_T_J` (`SCHED_NAME`,`JOB_NAME`,`JOB_GROUP`),
  KEY `IDX_QRTZ_T_JG` (`SCHED_NAME`,`JOB_GROUP`),
  KEY `IDX_QRTZ_T_C` (`SCHED_NAME`,`CALENDAR_NAME`),
  KEY `IDX_QRTZ_T_G` (`SCHED_NAME`,`TRIGGER_GROUP`),
  KEY `IDX_QRTZ_T_STATE` (`SCHED_NAME`,`TRIGGER_STATE`),
  KEY `IDX_QRTZ_T_N_STATE` (`SCHED_NAME`,`TRIGGER_NAME`,`TRIGGER_GROUP`,`TRIGGER_STATE`),
  KEY `IDX_QRTZ_T_N_G_STATE` (`SCHED_NAME`,`TRIGGER_GROUP`,`TRIGGER_STATE`),
  KEY `IDX_QRTZ_T_NEXT_FIRE_TIME` (`SCHED_NAME`,`NEXT_FIRE_TIME`),
  KEY `IDX_QRTZ_T_NFT_ST` (`SCHED_NAME`,`TRIGGER_STATE`,`NEXT_FIRE_TIME`),
  KEY `IDX_QRTZ_T_NFT_MISFIRE` (`SCHED_NAME`,`MISFIRE_INSTR`,`NEXT_FIRE_TIME`),
  KEY `IDX_QRTZ_T_NFT_ST_MISFIRE` (`SCHED_NAME`,`MISFIRE_INSTR`,`NEXT_FIRE_TIME`,`TRIGGER_STATE`),
  KEY `IDX_QRTZ_T_NFT_ST_MISFIRE_GRP` (`SCHED_NAME`,`MISFIRE_INSTR`,`NEXT_FIRE_TIME`,`TRIGGER_GROUP`,`TRIGGER_STATE`),
  CONSTRAINT `qrtz_triggers_ibfk_1` FOREIGN KEY (`SCHED_NAME`, `JOB_NAME`, `JOB_GROUP`) REFERENCES `qrtz_job_details` (`SCHED_NAME`, `JOB_NAME`, `JOB_GROUP`)
) ENGINE=InnoDB DEFAULT CHARSET=utf8;

-- ----------------------------
-- Records of qrtz_triggers
-- ----------------------------
INSERT INTO `qrtz_triggers` VALUES ('RenrenScheduler', 'TASK_1', 'DEFAULT', 'TASK_1', 'DEFAULT', null, '1516798320000', '1516798260000', '5', 'PAUSED', 'CRON', '1501986213000', '0', null, '2', 0xACED0005737200156F72672E71756172747A2E4A6F62446174614D61709FB083E8BFA9B0CB020000787200266F72672E71756172747A2E7574696C732E537472696E674B65794469727479466C61674D61708208E8C3FBC55D280200015A0013616C6C6F77735472616E7369656E74446174617872001D6F72672E71756172747A2E7574696C732E4469727479466C61674D617013E62EAD28760ACE0200025A000564697274794C00036D617074000F4C6A6176612F7574696C2F4D61703B787001737200116A6176612E7574696C2E486173684D61700507DAC1C31660D103000246000A6C6F6164466163746F724900097468726573686F6C6478703F4000000000000C7708000000100000000174000D4A4F425F504152414D5F4B455973720030636F6D2E7962672E71756172747A2E7363686564756C652E646F6D61696E2E5363686564756C654A6F62456E7469747900000000000000010200084C00096265616E5F4E616D657400124C6A6176612F6C616E672F537472696E673B4C000B6372656174655F54696D6571007E00094C000F63726F6E5F45787072657373696F6E71007E00094C00066A6F625F49647400104C6A6176612F6C616E672F4C6F6E673B4C000B6D6574686F645F4E616D6571007E00094C0006706172616D7371007E00094C000672656D61726B71007E00094C00067374617475737400134C6A6176612F6C616E672F496E74656765723B7870740008746573745461736B740013323031362D31322D30312032333A31363A343674000D3020302F31202A202A202A203F7372000E6A6176612E6C616E672E4C6F6E673B8BE490CC8F23DF0200014A000576616C7565787200106A6176612E6C616E672E4E756D62657286AC951D0B94E08B02000078700000000000000001740004746573747400037265737400057361646173737200116A6176612E6C616E672E496E746567657212E2A0A4F781873802000149000576616C75657871007E0011000000007800);
INSERT INTO `qrtz_triggers` VALUES ('RenrenScheduler', 'TASK_2', 'DEFAULT', 'TASK_2', 'DEFAULT', null, '1516798320000', '1516798260000', '5', 'PAUSED', 'CRON', '1501986214000', '0', null, '2', 0xACED0005737200156F72672E71756172747A2E4A6F62446174614D61709FB083E8BFA9B0CB020000787200266F72672E71756172747A2E7574696C732E537472696E674B65794469727479466C61674D61708208E8C3FBC55D280200015A0013616C6C6F77735472616E7369656E74446174617872001D6F72672E71756172747A2E7574696C732E4469727479466C61674D617013E62EAD28760ACE0200025A000564697274794C00036D617074000F4C6A6176612F7574696C2F4D61703B787001737200116A6176612E7574696C2E486173684D61700507DAC1C31660D103000246000A6C6F6164466163746F724900097468726573686F6C6478703F4000000000000C7708000000100000000174000D4A4F425F504152414D5F4B455973720030636F6D2E7962672E71756172747A2E7363686564756C652E646F6D61696E2E5363686564756C654A6F62456E7469747900000000000000010200084C00096265616E5F4E616D657400124C6A6176612F6C616E672F537472696E673B4C000B6372656174655F54696D6571007E00094C000F63726F6E5F45787072657373696F6E71007E00094C00066A6F625F49647400104C6A6176612F6C616E672F4C6F6E673B4C000B6D6574686F645F4E616D6571007E00094C0006706172616D7371007E00094C000672656D61726B71007E00094C00067374617475737400134C6A6176612F6C616E672F496E74656765723B7870740008746573745461736B740013323031362D31322D30332031343A35353A353674000D3020302F31202A202A202A203F7372000E6A6176612E6C616E672E4C6F6E673B8BE490CC8F23DF0200014A000576616C7565787200106A6176612E6C616E672E4E756D62657286AC951D0B94E08B02000078700000000000000002740004746573747400037265737400057361646173737200116A6176612E6C616E672E496E746567657212E2A0A4F781873802000149000576616C75657871007E0011000000007800);
INSERT INTO `qrtz_triggers` VALUES ('RenrenScheduler', 'TASK_4', 'DEFAULT', 'TASK_4', 'DEFAULT', null, '1516798320000', '1516798260000', '5', 'PAUSED', 'CRON', '1501986214000', '0', null, '2', 0xACED0005737200156F72672E71756172747A2E4A6F62446174614D61709FB083E8BFA9B0CB020000787200266F72672E71756172747A2E7574696C732E537472696E674B65794469727479466C61674D61708208E8C3FBC55D280200015A0013616C6C6F77735472616E7369656E74446174617872001D6F72672E71756172747A2E7574696C732E4469727479466C61674D617013E62EAD28760ACE0200025A000564697274794C00036D617074000F4C6A6176612F7574696C2F4D61703B787001737200116A6176612E7574696C2E486173684D61700507DAC1C31660D103000246000A6C6F6164466163746F724900097468726573686F6C6478703F4000000000000C7708000000100000000174000D4A4F425F504152414D5F4B455973720030636F6D2E7962672E71756172747A2E7363686564756C652E646F6D61696E2E5363686564756C654A6F62456E7469747900000000000000010200084C00096265616E5F4E616D657400124C6A6176612F6C616E672F537472696E673B4C000B6372656174655F54696D6571007E00094C000F63726F6E5F45787072657373696F6E71007E00094C00066A6F625F49647400104C6A6176612F6C616E672F4C6F6E673B4C000B6D6574686F645F4E616D6571007E00094C0006706172616D7371007E00094C000672656D61726B71007E00094C00067374617475737400134C6A6176612F6C616E672F496E74656765723B7870740008746573745461736B74000A323031372D30362D313774000D3020302F31202A202A202A203F7372000E6A6176612E6C616E672E4C6F6E673B8BE490CC8F23DF0200014A000576616C7565787200106A6176612E6C616E672E4E756D62657286AC951D0B94E08B02000078700000000000000004740004746573747400037265737400057361646173737200116A6176612E6C616E672E496E746567657212E2A0A4F781873802000149000576616C75657871007E0011000000007800);

-- ----------------------------
-- Table structure for `schedule_job`
-- ----------------------------
DROP TABLE IF EXISTS `schedule_job`;
CREATE TABLE `schedule_job` (
  `job_id` bigint(20) NOT NULL AUTO_INCREMENT COMMENT '任务id',
  `bean_name` varchar(200) DEFAULT NULL COMMENT 'spring bean名称',
  `method_name` varchar(100) DEFAULT NULL COMMENT '方法名',
  `params` varchar(2000) DEFAULT NULL COMMENT '参数',
  `cron_expression` varchar(100) DEFAULT NULL COMMENT 'cron表达式',
  `status` tinyint(4) DEFAULT NULL COMMENT '任务状态',
  `remark` varchar(255) DEFAULT NULL COMMENT '备注',
  `create_time` varchar(30) DEFAULT NULL COMMENT '创建时间',
  `gmt_create` datetime DEFAULT NULL,
  `gmt_modified` datetime DEFAULT NULL,
  PRIMARY KEY (`job_id`)
) ENGINE=InnoDB AUTO_INCREMENT=5 DEFAULT CHARSET=utf8 COMMENT='定时任务';

-- ----------------------------
-- Records of schedule_job
-- ----------------------------
INSERT INTO `schedule_job` VALUES ('1', 'testTask', 'test', 'res', '0 0/1 * * * ?', '1', 'sadas', '2016-12-01 23:16:46', null, null);
INSERT INTO `schedule_job` VALUES ('2', 'testTask', 'test', 'res', '0 0/1 * * * ?', '1', 'sadas', '2016-12-03 14:55:56', null, '2017-07-02 20:30:23');
INSERT INTO `schedule_job` VALUES ('4', 'testTask', 'test', 'res', '0 0/1 * * * ?', '1', 'sadas', '2017-06-17', null, null);

-- ----------------------------
-- Table structure for `schedule_job_log`
-- ----------------------------
DROP TABLE IF EXISTS `schedule_job_log`;
CREATE TABLE `schedule_job_log` (
  `log_id` bigint(20) NOT NULL AUTO_INCREMENT COMMENT '任务日志id',
  `job_id` bigint(20) NOT NULL COMMENT '任务id',
  `bean_name` varchar(200) DEFAULT NULL COMMENT 'spring bean名称',
  `method_name` varchar(100) DEFAULT NULL COMMENT '方法名',
  `params` varchar(2000) DEFAULT NULL COMMENT '参数',
  `status` tinyint(4) NOT NULL COMMENT '任务状态    0：成功    1：失败',
  `error` varchar(2000) DEFAULT NULL COMMENT '失败信息',
  `times` int(11) NOT NULL COMMENT '耗时(单位：毫秒)',
  `create_time` varchar(30) DEFAULT NULL COMMENT '创建时间',
  `gmt_modified` datetime DEFAULT NULL,
  `gmt_create` datetime DEFAULT NULL,
  PRIMARY KEY (`log_id`),
  KEY `job_id` (`job_id`)
) ENGINE=InnoDB AUTO_INCREMENT=9626 DEFAULT CHARSET=utf8 COMMENT='定时任务日志';

-- ----------------------------
-- Records of schedule_job_log
-- ----------------------------

INSERT INTO `schedule_job_log` VALUES ('9598', '4', 'testTask', 'test', 'res', '0', '', '1000', '2018-01-24', null, null);
INSERT INTO `schedule_job_log` VALUES ('9599', '1', 'testTask', 'test', 'res', '0', '', '1001', '2018-01-24', null, null);
INSERT INTO `schedule_job_log` VALUES ('9600', '2', 'testTask', 'test', 'res', '0', '', '1002', '2018-01-24', null, null);
INSERT INTO `schedule_job_log` VALUES ('9601', '4', 'testTask', 'test', 'res', '0', '', '1004', '2018-01-24', null, null);
INSERT INTO `schedule_job_log` VALUES ('9602', '1', 'testTask', 'test', 'res', '0', '', '1000', '2018-01-24', null, null);
INSERT INTO `schedule_job_log` VALUES ('9603', '2', 'testTask', 'test', 'res', '0', '', '1000', '2018-01-24', null, null);
INSERT INTO `schedule_job_log` VALUES ('9604', '4', 'testTask', 'test', 'res', '0', '', '1001', '2018-01-24', null, null);
INSERT INTO `schedule_job_log` VALUES ('9605', '1', 'testTask', 'test', 'res', '0', '', '1004', '2018-01-24', null, null);
INSERT INTO `schedule_job_log` VALUES ('9606', '2', 'testTask', 'test', 'res', '0', '', '1001', '2018-01-24', null, null);
INSERT INTO `schedule_job_log` VALUES ('9607', '4', 'testTask', 'test', 'res', '0', '', '1001', '2018-01-24', null, null);
INSERT INTO `schedule_job_log` VALUES ('9608', '1', 'testTask', 'test', 'res', '0', '', '1002', '2018-01-24', null, null);
INSERT INTO `schedule_job_log` VALUES ('9609', '2', 'testTask', 'test', 'res', '0', '', '1000', '2018-01-24', null, null);
INSERT INTO `schedule_job_log` VALUES ('9610', '4', 'testTask', 'test', 'res', '0', '', '1001', '2018-01-24', null, null);
INSERT INTO `schedule_job_log` VALUES ('9611', '1', 'testTask', 'test', 'res', '0', '', '1000', '2018-01-24', null, null);
INSERT INTO `schedule_job_log` VALUES ('9612', '2', 'testTask', 'test', 'res', '0', '', '1001', '2018-01-24', null, null);
INSERT INTO `schedule_job_log` VALUES ('9613', '4', 'testTask', 'test', 'res', '0', '', '1001', '2018-01-24', null, null);
INSERT INTO `schedule_job_log` VALUES ('9614', '1', 'testTask', 'test', 'res', '0', '', '1001', '2018-01-24', null, null);
INSERT INTO `schedule_job_log` VALUES ('9615', '2', 'testTask', 'test', 'res', '0', '', '1000', '2018-01-24', null, null);
INSERT INTO `schedule_job_log` VALUES ('9616', '4', 'testTask', 'test', 'res', '0', '', '1001', '2018-01-24', null, null);
INSERT INTO `schedule_job_log` VALUES ('9617', '1', 'testTask', 'test', 'res', '0', '', '1000', '2018-01-24', null, null);
INSERT INTO `schedule_job_log` VALUES ('9618', '2', 'testTask', 'test', 'res', '0', '', '1001', '2018-01-24', null, null);
INSERT INTO `schedule_job_log` VALUES ('9619', '4', 'testTask', 'test', 'res', '0', '', '1000', '2018-01-24', null, null);
INSERT INTO `schedule_job_log` VALUES ('9620', '1', 'testTask', 'test', 'res', '0', '', '1000', '2018-01-24', null, null);
INSERT INTO `schedule_job_log` VALUES ('9621', '2', 'testTask', 'test', 'res', '0', '', '1004', '2018-01-24', null, null);
INSERT INTO `schedule_job_log` VALUES ('9622', '4', 'testTask', 'test', 'res', '0', '', '1001', '2018-01-24', null, null);
INSERT INTO `schedule_job_log` VALUES ('9623', '1', 'testTask', 'test', 'res', '0', '', '1001', '2018-01-24', null, null);
INSERT INTO `schedule_job_log` VALUES ('9624', '2', 'testTask', 'test', 'res', '0', '', '1001', '2018-01-24', null, null);
INSERT INTO `schedule_job_log` VALUES ('9625', '4', 'testTask', 'test', 'res', '0', '', '1000', '2018-01-24', null, null);



DROP TABLE IF EXISTS `mail_sender`;

CREATE TABLE `mail_sender` (
  `id` int(11) NOT NULL AUTO_INCREMENT,
  `send_to` varchar(50) NOT NULL COMMENT '发送到哪个邮箱',
  `title` varchar(200) DEFAULT '无标题' COMMENT '发送的标题名称',
  `content` longtext NOT NULL COMMENT '发送的主题内容',
  `files` text COMMENT '发送的文件信息,用逗号分隔地址',
  `Attachments` text COMMENT '发送的附件信息， 用逗号分隔',
  `send_time` datetime NOT NULL COMMENT '发送的时间',
  `is_success` int(1) DEFAULT '0' COMMENT '是否发送成功,1表示成功，0表示失败',
  PRIMARY KEY (`id`)
) ENGINE=InnoDB AUTO_INCREMENT=1 DEFAULT CHARSET=utf8mb4 COLLATE=utf8mb4_0900_ai_ci;

DROP TABLE IF EXISTS `schedule`;
CREATE TABLE `schedule` (
  `id` int(11) NOT NULL AUTO_INCREMENT,
  `cron` varchar(50) NOT NULL COMMENT '定时任务表达式.其中就包含了是否重复等信息',
  `is_repeat` int(1) NOT NULL COMMENT '是否需要重复，1表示重复，0表示不重复',
  PRIMARY KEY (`id`),
  KEY `FK_USER_ID_idx` (`cron`),
  KEY `FK_SCHEDULE_ID_idx` (`is_repeat`)
) ENGINE=InnoDB AUTO_INCREMENT=1 DEFAULT CHARSET=utf8mb4 COLLATE=utf8mb4_0900_ai_ci;

DROP TABLE IF EXISTS `reminder`;
CREATE TABLE `reminder` (
  `id` int(11) NOT NULL AUTO_INCREMENT,
  `user_id` int(11) NOT NULL COMMENT '创建的用户',
  `schedule_id` int(11) NOT NULL COMMENT '调度任务的id',
  `mail_sender_id` int(11) NOT NULL,
  `create_time` datetime NOT NULL COMMENT '创建时间',
  `is_deprecated` int(1) DEFAULT '0' COMMENT '是否被弃用了,1表示被弃用，0表示仍有效',
  `finished_time` datetime DEFAULT NULL COMMENT '最后一次的完成时间',
  `finished_count` int(11) DEFAULT '0' COMMENT '已经完成的次数',
  PRIMARY KEY (`id`),
  KEY `FK_USER_ID_idx` (`user_id`),
  KEY `FK_SCHEDULE_ID_idx` (`schedule_id`),
  KEY `FK_MAIL_SENDER_ID_idx` (`mail_sender_id`),
  CONSTRAINT `FK_MAIL_SENDER_ID` FOREIGN KEY (`mail_sender_id`) REFERENCES `mail_sender` (`id`),
  CONSTRAINT `FK_SCHEDULE_ID` FOREIGN KEY (`schedule_id`) REFERENCES `schedule` (`id`)
) ENGINE=InnoDB AUTO_INCREMENT=1 DEFAULT CHARSET=utf8mb4 COLLATE=utf8mb4_0900_ai_ci;