-- MySQL dump 10.13  Distrib 8.0.11, for Win64 (x86_64)
--
-- Host: localhost    Database: wreporter_quartz
-- ------------------------------------------------------
-- Server version	8.0.11

/*!40101 SET @OLD_CHARACTER_SET_CLIENT=@@CHARACTER_SET_CLIENT */;
/*!40101 SET @OLD_CHARACTER_SET_RESULTS=@@CHARACTER_SET_RESULTS */;
/*!40101 SET @OLD_COLLATION_CONNECTION=@@COLLATION_CONNECTION */;
 SET NAMES utf8mb4 ;
/*!40103 SET @OLD_TIME_ZONE=@@TIME_ZONE */;
/*!40103 SET TIME_ZONE='+00:00' */;
/*!40014 SET @OLD_UNIQUE_CHECKS=@@UNIQUE_CHECKS, UNIQUE_CHECKS=0 */;
/*!40014 SET @OLD_FOREIGN_KEY_CHECKS=@@FOREIGN_KEY_CHECKS, FOREIGN_KEY_CHECKS=0 */;
/*!40101 SET @OLD_SQL_MODE=@@SQL_MODE, SQL_MODE='NO_AUTO_VALUE_ON_ZERO' */;
/*!40111 SET @OLD_SQL_NOTES=@@SQL_NOTES, SQL_NOTES=0 */;

--
-- Table structure for table `mail_sender`
--

DROP TABLE IF EXISTS `mail_sender`;
/*!40101 SET @saved_cs_client     = @@character_set_client */;
 SET character_set_client = utf8mb4 ;
CREATE TABLE `mail_sender` (
  `id` int(11) NOT NULL AUTO_INCREMENT,
  `send_to` varchar(50) NOT NULL COMMENT '发送到哪个邮箱',
  `title` varchar(200) DEFAULT '无标题' COMMENT '发送的标题名称',
  `content` longtext NOT NULL COMMENT '发送的主题内容',
  `files` text COMMENT '发送的文件信息,用逗号分隔地址',
  `Attachments` text COMMENT '发送的附件信息， 用逗号分隔',
  `send_time` datetime NOT NULL COMMENT '发送的时间',
  `is_success` int(1) DEFAULT '0' COMMENT '是否发送成功,1表示成功，0表示失败',
  PRIMARY KEY (`id`)
) ENGINE=InnoDB AUTO_INCREMENT=8 DEFAULT CHARSET=utf8mb4 COLLATE=utf8mb4_0900_ai_ci;
/*!40101 SET character_set_client = @saved_cs_client */;

--
-- Dumping data for table `mail_sender`
--

LOCK TABLES `mail_sender` WRITE;
/*!40000 ALTER TABLE `mail_sender` DISABLE KEYS */;
INSERT INTO `mail_sender` VALUES (6,'1243270410@qq.com','吃饭','123                123',NULL,NULL,'2020-12-10 16:44:00',0);
/*!40000 ALTER TABLE `mail_sender` ENABLE KEYS */;
UNLOCK TABLES;

--
-- Table structure for table `qrtz_blob_triggers`
--

DROP TABLE IF EXISTS `qrtz_blob_triggers`;
/*!40101 SET @saved_cs_client     = @@character_set_client */;
 SET character_set_client = utf8mb4 ;
CREATE TABLE `qrtz_blob_triggers` (
  `SCHED_NAME` varchar(120) NOT NULL,
  `TRIGGER_NAME` varchar(200) NOT NULL,
  `TRIGGER_GROUP` varchar(200) NOT NULL,
  `BLOB_DATA` blob,
  PRIMARY KEY (`SCHED_NAME`,`TRIGGER_NAME`,`TRIGGER_GROUP`),
  KEY `SCHED_NAME` (`SCHED_NAME`,`TRIGGER_NAME`,`TRIGGER_GROUP`),
  CONSTRAINT `qrtz_blob_triggers_ibfk_1` FOREIGN KEY (`SCHED_NAME`, `TRIGGER_NAME`, `TRIGGER_GROUP`) REFERENCES `qrtz_triggers` (`sched_name`, `trigger_name`, `trigger_group`)
) ENGINE=InnoDB DEFAULT CHARSET=utf8;
/*!40101 SET character_set_client = @saved_cs_client */;

--
-- Dumping data for table `qrtz_blob_triggers`
--

LOCK TABLES `qrtz_blob_triggers` WRITE;
/*!40000 ALTER TABLE `qrtz_blob_triggers` DISABLE KEYS */;
/*!40000 ALTER TABLE `qrtz_blob_triggers` ENABLE KEYS */;
UNLOCK TABLES;

--
-- Table structure for table `qrtz_calendars`
--

DROP TABLE IF EXISTS `qrtz_calendars`;
/*!40101 SET @saved_cs_client     = @@character_set_client */;
 SET character_set_client = utf8mb4 ;
CREATE TABLE `qrtz_calendars` (
  `SCHED_NAME` varchar(120) NOT NULL,
  `CALENDAR_NAME` varchar(200) NOT NULL,
  `CALENDAR` blob NOT NULL,
  PRIMARY KEY (`SCHED_NAME`,`CALENDAR_NAME`)
) ENGINE=InnoDB DEFAULT CHARSET=utf8;
/*!40101 SET character_set_client = @saved_cs_client */;

--
-- Dumping data for table `qrtz_calendars`
--

LOCK TABLES `qrtz_calendars` WRITE;
/*!40000 ALTER TABLE `qrtz_calendars` DISABLE KEYS */;
/*!40000 ALTER TABLE `qrtz_calendars` ENABLE KEYS */;
UNLOCK TABLES;

--
-- Table structure for table `qrtz_cron_triggers`
--

DROP TABLE IF EXISTS `qrtz_cron_triggers`;
/*!40101 SET @saved_cs_client     = @@character_set_client */;
 SET character_set_client = utf8mb4 ;
CREATE TABLE `qrtz_cron_triggers` (
  `SCHED_NAME` varchar(120) NOT NULL,
  `TRIGGER_NAME` varchar(200) NOT NULL,
  `TRIGGER_GROUP` varchar(200) NOT NULL,
  `CRON_EXPRESSION` varchar(120) NOT NULL,
  `TIME_ZONE_ID` varchar(80) DEFAULT NULL,
  PRIMARY KEY (`SCHED_NAME`,`TRIGGER_NAME`,`TRIGGER_GROUP`),
  CONSTRAINT `qrtz_cron_triggers_ibfk_1` FOREIGN KEY (`SCHED_NAME`, `TRIGGER_NAME`, `TRIGGER_GROUP`) REFERENCES `qrtz_triggers` (`sched_name`, `trigger_name`, `trigger_group`)
) ENGINE=InnoDB DEFAULT CHARSET=utf8;
/*!40101 SET character_set_client = @saved_cs_client */;

--
-- Dumping data for table `qrtz_cron_triggers`
--

LOCK TABLES `qrtz_cron_triggers` WRITE;
/*!40000 ALTER TABLE `qrtz_cron_triggers` DISABLE KEYS */;
INSERT INTO `qrtz_cron_triggers` VALUES ('quartzSchedulerFactoryBean','2','asdasdasdasdasdasd','0 51 11 10 12 ?','Asia/Shanghai'),('quartzSchedulerFactoryBean','3','asdasdasdasdasdasd','0 44 16 10 12 ?','Asia/Shanghai');
/*!40000 ALTER TABLE `qrtz_cron_triggers` ENABLE KEYS */;
UNLOCK TABLES;

--
-- Table structure for table `qrtz_fired_triggers`
--

DROP TABLE IF EXISTS `qrtz_fired_triggers`;
/*!40101 SET @saved_cs_client     = @@character_set_client */;
 SET character_set_client = utf8mb4 ;
CREATE TABLE `qrtz_fired_triggers` (
  `SCHED_NAME` varchar(120) NOT NULL,
  `ENTRY_ID` varchar(95) NOT NULL,
  `TRIGGER_NAME` varchar(200) NOT NULL,
  `TRIGGER_GROUP` varchar(200) NOT NULL,
  `INSTANCE_NAME` varchar(200) NOT NULL,
  `FIRED_TIME` bigint(13) NOT NULL,
  `SCHED_TIME` bigint(13) NOT NULL,
  `PRIORITY` int(11) NOT NULL,
  `STATE` varchar(16) NOT NULL,
  `JOB_NAME` varchar(200) DEFAULT NULL,
  `JOB_GROUP` varchar(200) DEFAULT NULL,
  `IS_NONCONCURRENT` varchar(1) DEFAULT NULL,
  `REQUESTS_RECOVERY` varchar(1) DEFAULT NULL,
  PRIMARY KEY (`SCHED_NAME`,`ENTRY_ID`),
  KEY `IDX_QRTZ_FT_TRIG_INST_NAME` (`SCHED_NAME`,`INSTANCE_NAME`),
  KEY `IDX_QRTZ_FT_INST_JOB_REQ_RCVRY` (`SCHED_NAME`,`INSTANCE_NAME`,`REQUESTS_RECOVERY`),
  KEY `IDX_QRTZ_FT_J_G` (`SCHED_NAME`,`JOB_NAME`,`JOB_GROUP`),
  KEY `IDX_QRTZ_FT_JG` (`SCHED_NAME`,`JOB_GROUP`),
  KEY `IDX_QRTZ_FT_T_G` (`SCHED_NAME`,`TRIGGER_NAME`,`TRIGGER_GROUP`),
  KEY `IDX_QRTZ_FT_TG` (`SCHED_NAME`,`TRIGGER_GROUP`)
) ENGINE=InnoDB DEFAULT CHARSET=utf8;
/*!40101 SET character_set_client = @saved_cs_client */;

--
-- Dumping data for table `qrtz_fired_triggers`
--

LOCK TABLES `qrtz_fired_triggers` WRITE;
/*!40000 ALTER TABLE `qrtz_fired_triggers` DISABLE KEYS */;
/*!40000 ALTER TABLE `qrtz_fired_triggers` ENABLE KEYS */;
UNLOCK TABLES;

--
-- Table structure for table `qrtz_job_details`
--

DROP TABLE IF EXISTS `qrtz_job_details`;
/*!40101 SET @saved_cs_client     = @@character_set_client */;
 SET character_set_client = utf8mb4 ;
CREATE TABLE `qrtz_job_details` (
  `SCHED_NAME` varchar(120) NOT NULL,
  `JOB_NAME` varchar(200) NOT NULL,
  `JOB_GROUP` varchar(200) NOT NULL,
  `DESCRIPTION` varchar(250) DEFAULT NULL,
  `JOB_CLASS_NAME` varchar(250) NOT NULL,
  `IS_DURABLE` varchar(1) NOT NULL,
  `IS_NONCONCURRENT` varchar(1) NOT NULL,
  `IS_UPDATE_DATA` varchar(1) NOT NULL,
  `REQUESTS_RECOVERY` varchar(1) NOT NULL,
  `JOB_DATA` blob,
  PRIMARY KEY (`SCHED_NAME`,`JOB_NAME`,`JOB_GROUP`),
  KEY `IDX_QRTZ_J_REQ_RECOVERY` (`SCHED_NAME`,`REQUESTS_RECOVERY`),
  KEY `IDX_QRTZ_J_GRP` (`SCHED_NAME`,`JOB_GROUP`)
) ENGINE=InnoDB DEFAULT CHARSET=utf8;
/*!40101 SET character_set_client = @saved_cs_client */;

--
-- Dumping data for table `qrtz_job_details`
--

LOCK TABLES `qrtz_job_details` WRITE;
/*!40000 ALTER TABLE `qrtz_job_details` DISABLE KEYS */;
INSERT INTO `qrtz_job_details` VALUES ('quartzSchedulerFactoryBean','2','asdasdasdasdasdasd',NULL,'cn.tblack.work.reporter.schedule.job.ReminderJob','0','0','0','0','¬\휰sr\0org.quartz.JobDataMap°迩°\˂\0\0xr\0&org.quartz.utils.StringKeyDirtyFlagMap\蜃û\ŝ(\0Z\0allowsTransientDataxr\0org.quartz.utils.DirtyFlagMap\殭(v\n\΂\0Z\0dirtyL\0mapt\0Ljava/util/Map;xpsr\0java.util.HashMap\ځ\Ö`\у\0F\0\nloadFactorI\0	thresholdxp?@\0\0\0\0\0w\0\0\0\0\0\0t\0tasksr\01cn.tblack.work.reporter.schedule.job.ReminderTaskû\÷X·9֮þ\0L\0remindert\00Lcn/tblack/work/reporter/quartz/entity/Reminder;xpsr\0.cn.tblack.work.reporter.quartz.entity.Reminder\0\0\0\0\0\0\0\0L\0\ncreateTimet\0Ljava/util/Date;L\0\ndeprecatedt\0Ljava/lang/Short;L\0\rfinishedCountt\0Ljava/lang/Integer;L\0finishedTimeq\0~\0L\0idq\0~\0L\0\nmailSendert\02Lcn/tblack/work/reporter/quartz/entity/MailSender;L\0schedulet\00Lcn/tblack/work/reporter/quartz/entity/Schedule;L\0userIdt\0Ljava/lang/String;xpsr\0java.util.DatehjKYt\0\0xpw\0\0n\휭¶9xsr\0java.lang.ShorthM74`\ڒ\0S\0valuexr\0java.lang.Number¬\˂\0\0xp\0\0sr\0java.lang.Integer⠤\÷8\0I\0valuexq\0~\0\0\0\0\0psq\0~\0\0\0\0sr\00cn.tblack.work.reporter.quartz.entity.MailSender\0\0\0\0\0\0\0\0L\0attachmentsq\0~\0L\0contentq\0~\0L\0filesq\0~\0L\0idq\0~\0L\0sendTimeq\0~\0L\0sendToq\0~\0L\0successq\0~\0\rL\0titleq\0~\0xppt\0        87        psq\0~\0\0\0\0sq\0~\0w\0\0n\휮| xt\01395926989@qq.comq\0~\0t\0123sr\0.cn.tblack.work.reporter.quartz.entity.Schedule\0\0\0\0\0\0\0\0L\0cronq\0~\0L\0idq\0~\0L\0repeatq\0~\0\rxpt\00 51 11 10 12 ?sq\0~\0\0\0\0q\0~\0t\0asdasdasdasdasdasdx\0'),('quartzSchedulerFactoryBean','3','asdasdasdasdasdasd',NULL,'cn.tblack.work.reporter.schedule.job.ReminderJob','0','0','0','0','¬\휰sr\0org.quartz.JobDataMap°迩°\˂\0\0xr\0&org.quartz.utils.StringKeyDirtyFlagMap\蜃û\ŝ(\0Z\0allowsTransientDataxr\0org.quartz.utils.DirtyFlagMap\殭(v\n\΂\0Z\0dirtyL\0mapt\0Ljava/util/Map;xpsr\0java.util.HashMap\ځ\Ö`\у\0F\0\nloadFactorI\0	thresholdxp?@\0\0\0\0\0w\0\0\0\0\0\0t\0tasksr\01cn.tblack.work.reporter.schedule.job.ReminderTaskû\÷X·9֮þ\0L\0remindert\00Lcn/tblack/work/reporter/quartz/entity/Reminder;xpsr\0.cn.tblack.work.reporter.quartz.entity.Reminder\0\0\0\0\0\0\0\0L\0\ncreateTimet\0Ljava/util/Date;L\0\ndeprecatedt\0Ljava/lang/Short;L\0\rfinishedCountt\0Ljava/lang/Integer;L\0finishedTimeq\0~\0L\0idq\0~\0L\0\nmailSendert\02Lcn/tblack/work/reporter/quartz/entity/MailSender;L\0schedulet\00Lcn/tblack/work/reporter/quartz/entity/Schedule;L\0userIdt\0Ljava/lang/String;xpsr\0java.util.DatehjKYt\0\0xpw\0\0n\Ʈxsr\0java.lang.ShorthM74`\ڒ\0S\0valuexr\0java.lang.Number¬\˂\0\0xp\0\0sr\0java.lang.Integer⠤\÷8\0I\0valuexq\0~\0\0\0\0\0psq\0~\0\0\0\0sr\00cn.tblack.work.reporter.quartz.entity.MailSender\0\0\0\0\0\0\0\0L\0attachmentsq\0~\0L\0contentq\0~\0L\0filesq\0~\0L\0idq\0~\0L\0sendTimeq\0~\0L\0sendToq\0~\0L\0successq\0~\0\rL\0titleq\0~\0xppt\0123                123psq\0~\0\0\0\0sq\0~\0w\0\0vK\҄xt\01243270410@qq.comq\0~\0t\0吃饭sr\0.cn.tblack.work.reporter.quartz.entity.Schedule\0\0\0\0\0\0\0\0L\0cronq\0~\0L\0idq\0~\0L\0repeatq\0~\0\rxpt\00 44 16 10 12 ?sq\0~\0\0\0\0q\0~\0t\0asdasdasdasdasdasdx\0');
/*!40000 ALTER TABLE `qrtz_job_details` ENABLE KEYS */;
UNLOCK TABLES;

--
-- Table structure for table `qrtz_locks`
--

DROP TABLE IF EXISTS `qrtz_locks`;
/*!40101 SET @saved_cs_client     = @@character_set_client */;
 SET character_set_client = utf8mb4 ;
CREATE TABLE `qrtz_locks` (
  `SCHED_NAME` varchar(120) NOT NULL,
  `LOCK_NAME` varchar(40) NOT NULL,
  PRIMARY KEY (`SCHED_NAME`,`LOCK_NAME`)
) ENGINE=InnoDB DEFAULT CHARSET=utf8;
/*!40101 SET character_set_client = @saved_cs_client */;

--
-- Dumping data for table `qrtz_locks`
--

LOCK TABLES `qrtz_locks` WRITE;
/*!40000 ALTER TABLE `qrtz_locks` DISABLE KEYS */;
INSERT INTO `qrtz_locks` VALUES ('quartzSchedulerFactoryBean','TRIGGER_ACCESS'),('RenrenScheduler','TRIGGER_ACCESS');
/*!40000 ALTER TABLE `qrtz_locks` ENABLE KEYS */;
UNLOCK TABLES;

--
-- Table structure for table `qrtz_paused_trigger_grps`
--

DROP TABLE IF EXISTS `qrtz_paused_trigger_grps`;
/*!40101 SET @saved_cs_client     = @@character_set_client */;
 SET character_set_client = utf8mb4 ;
CREATE TABLE `qrtz_paused_trigger_grps` (
  `SCHED_NAME` varchar(120) NOT NULL,
  `TRIGGER_GROUP` varchar(200) NOT NULL,
  PRIMARY KEY (`SCHED_NAME`,`TRIGGER_GROUP`)
) ENGINE=InnoDB DEFAULT CHARSET=utf8;
/*!40101 SET character_set_client = @saved_cs_client */;

--
-- Dumping data for table `qrtz_paused_trigger_grps`
--

LOCK TABLES `qrtz_paused_trigger_grps` WRITE;
/*!40000 ALTER TABLE `qrtz_paused_trigger_grps` DISABLE KEYS */;
/*!40000 ALTER TABLE `qrtz_paused_trigger_grps` ENABLE KEYS */;
UNLOCK TABLES;

--
-- Table structure for table `qrtz_scheduler_state`
--

DROP TABLE IF EXISTS `qrtz_scheduler_state`;
/*!40101 SET @saved_cs_client     = @@character_set_client */;
 SET character_set_client = utf8mb4 ;
CREATE TABLE `qrtz_scheduler_state` (
  `SCHED_NAME` varchar(120) NOT NULL,
  `INSTANCE_NAME` varchar(200) NOT NULL,
  `LAST_CHECKIN_TIME` bigint(13) NOT NULL,
  `CHECKIN_INTERVAL` bigint(13) NOT NULL,
  PRIMARY KEY (`SCHED_NAME`,`INSTANCE_NAME`)
) ENGINE=InnoDB DEFAULT CHARSET=utf8;
/*!40101 SET character_set_client = @saved_cs_client */;

--
-- Dumping data for table `qrtz_scheduler_state`
--

LOCK TABLES `qrtz_scheduler_state` WRITE;
/*!40000 ALTER TABLE `qrtz_scheduler_state` DISABLE KEYS */;
/*!40000 ALTER TABLE `qrtz_scheduler_state` ENABLE KEYS */;
UNLOCK TABLES;

--
-- Table structure for table `qrtz_simple_triggers`
--

DROP TABLE IF EXISTS `qrtz_simple_triggers`;
/*!40101 SET @saved_cs_client     = @@character_set_client */;
 SET character_set_client = utf8mb4 ;
CREATE TABLE `qrtz_simple_triggers` (
  `SCHED_NAME` varchar(120) NOT NULL,
  `TRIGGER_NAME` varchar(200) NOT NULL,
  `TRIGGER_GROUP` varchar(200) NOT NULL,
  `REPEAT_COUNT` bigint(7) NOT NULL,
  `REPEAT_INTERVAL` bigint(12) NOT NULL,
  `TIMES_TRIGGERED` bigint(10) NOT NULL,
  PRIMARY KEY (`SCHED_NAME`,`TRIGGER_NAME`,`TRIGGER_GROUP`),
  CONSTRAINT `qrtz_simple_triggers_ibfk_1` FOREIGN KEY (`SCHED_NAME`, `TRIGGER_NAME`, `TRIGGER_GROUP`) REFERENCES `qrtz_triggers` (`sched_name`, `trigger_name`, `trigger_group`)
) ENGINE=InnoDB DEFAULT CHARSET=utf8;
/*!40101 SET character_set_client = @saved_cs_client */;

--
-- Dumping data for table `qrtz_simple_triggers`
--

LOCK TABLES `qrtz_simple_triggers` WRITE;
/*!40000 ALTER TABLE `qrtz_simple_triggers` DISABLE KEYS */;
/*!40000 ALTER TABLE `qrtz_simple_triggers` ENABLE KEYS */;
UNLOCK TABLES;

--
-- Table structure for table `qrtz_simprop_triggers`
--

DROP TABLE IF EXISTS `qrtz_simprop_triggers`;
/*!40101 SET @saved_cs_client     = @@character_set_client */;
 SET character_set_client = utf8mb4 ;
CREATE TABLE `qrtz_simprop_triggers` (
  `SCHED_NAME` varchar(120) NOT NULL,
  `TRIGGER_NAME` varchar(200) NOT NULL,
  `TRIGGER_GROUP` varchar(200) NOT NULL,
  `STR_PROP_1` varchar(512) DEFAULT NULL,
  `STR_PROP_2` varchar(512) DEFAULT NULL,
  `STR_PROP_3` varchar(512) DEFAULT NULL,
  `INT_PROP_1` int(11) DEFAULT NULL,
  `INT_PROP_2` int(11) DEFAULT NULL,
  `LONG_PROP_1` bigint(20) DEFAULT NULL,
  `LONG_PROP_2` bigint(20) DEFAULT NULL,
  `DEC_PROP_1` decimal(13,4) DEFAULT NULL,
  `DEC_PROP_2` decimal(13,4) DEFAULT NULL,
  `BOOL_PROP_1` varchar(1) DEFAULT NULL,
  `BOOL_PROP_2` varchar(1) DEFAULT NULL,
  PRIMARY KEY (`SCHED_NAME`,`TRIGGER_NAME`,`TRIGGER_GROUP`),
  CONSTRAINT `qrtz_simprop_triggers_ibfk_1` FOREIGN KEY (`SCHED_NAME`, `TRIGGER_NAME`, `TRIGGER_GROUP`) REFERENCES `qrtz_triggers` (`sched_name`, `trigger_name`, `trigger_group`)
) ENGINE=InnoDB DEFAULT CHARSET=utf8;
/*!40101 SET character_set_client = @saved_cs_client */;

--
-- Dumping data for table `qrtz_simprop_triggers`
--

LOCK TABLES `qrtz_simprop_triggers` WRITE;
/*!40000 ALTER TABLE `qrtz_simprop_triggers` DISABLE KEYS */;
/*!40000 ALTER TABLE `qrtz_simprop_triggers` ENABLE KEYS */;
UNLOCK TABLES;

--
-- Table structure for table `qrtz_triggers`
--

DROP TABLE IF EXISTS `qrtz_triggers`;
/*!40101 SET @saved_cs_client     = @@character_set_client */;
 SET character_set_client = utf8mb4 ;
CREATE TABLE `qrtz_triggers` (
  `SCHED_NAME` varchar(120) NOT NULL,
  `TRIGGER_NAME` varchar(200) NOT NULL,
  `TRIGGER_GROUP` varchar(200) NOT NULL,
  `JOB_NAME` varchar(200) NOT NULL,
  `JOB_GROUP` varchar(200) NOT NULL,
  `DESCRIPTION` varchar(250) DEFAULT NULL,
  `NEXT_FIRE_TIME` bigint(13) DEFAULT NULL,
  `PREV_FIRE_TIME` bigint(13) DEFAULT NULL,
  `PRIORITY` int(11) DEFAULT NULL,
  `TRIGGER_STATE` varchar(16) NOT NULL,
  `TRIGGER_TYPE` varchar(8) NOT NULL,
  `START_TIME` bigint(13) NOT NULL,
  `END_TIME` bigint(13) DEFAULT NULL,
  `CALENDAR_NAME` varchar(200) DEFAULT NULL,
  `MISFIRE_INSTR` smallint(2) DEFAULT NULL,
  `JOB_DATA` blob,
  PRIMARY KEY (`SCHED_NAME`,`TRIGGER_NAME`,`TRIGGER_GROUP`),
  KEY `IDX_QRTZ_T_J` (`SCHED_NAME`,`JOB_NAME`,`JOB_GROUP`),
  KEY `IDX_QRTZ_T_JG` (`SCHED_NAME`,`JOB_GROUP`),
  KEY `IDX_QRTZ_T_C` (`SCHED_NAME`,`CALENDAR_NAME`),
  KEY `IDX_QRTZ_T_G` (`SCHED_NAME`,`TRIGGER_GROUP`),
  KEY `IDX_QRTZ_T_STATE` (`SCHED_NAME`,`TRIGGER_STATE`),
  KEY `IDX_QRTZ_T_N_STATE` (`SCHED_NAME`,`TRIGGER_NAME`,`TRIGGER_GROUP`,`TRIGGER_STATE`),
  KEY `IDX_QRTZ_T_N_G_STATE` (`SCHED_NAME`,`TRIGGER_GROUP`,`TRIGGER_STATE`),
  KEY `IDX_QRTZ_T_NEXT_FIRE_TIME` (`SCHED_NAME`,`NEXT_FIRE_TIME`),
  KEY `IDX_QRTZ_T_NFT_ST` (`SCHED_NAME`,`TRIGGER_STATE`,`NEXT_FIRE_TIME`),
  KEY `IDX_QRTZ_T_NFT_MISFIRE` (`SCHED_NAME`,`MISFIRE_INSTR`,`NEXT_FIRE_TIME`),
  KEY `IDX_QRTZ_T_NFT_ST_MISFIRE` (`SCHED_NAME`,`MISFIRE_INSTR`,`NEXT_FIRE_TIME`,`TRIGGER_STATE`),
  KEY `IDX_QRTZ_T_NFT_ST_MISFIRE_GRP` (`SCHED_NAME`,`MISFIRE_INSTR`,`NEXT_FIRE_TIME`,`TRIGGER_GROUP`,`TRIGGER_STATE`),
  CONSTRAINT `qrtz_triggers_ibfk_1` FOREIGN KEY (`SCHED_NAME`, `JOB_NAME`, `JOB_GROUP`) REFERENCES `qrtz_job_details` (`sched_name`, `job_name`, `job_group`)
) ENGINE=InnoDB DEFAULT CHARSET=utf8;
/*!40101 SET character_set_client = @saved_cs_client */;

--
-- Dumping data for table `qrtz_triggers`
--

LOCK TABLES `qrtz_triggers` WRITE;
/*!40000 ALTER TABLE `qrtz_triggers` DISABLE KEYS */;
INSERT INTO `qrtz_triggers` VALUES ('quartzSchedulerFactoryBean','2','asdasdasdasdasdasd','2','asdasdasdasdasdasd',NULL,1607572260000,1575949860000,5,'WAITING','CRON',1575949809000,0,NULL,0,''),('quartzSchedulerFactoryBean','3','asdasdasdasdasdasd','3','asdasdasdasdasdasd',NULL,1607589840000,-1,5,'WAITING','CRON',1575967442000,0,NULL,0,'');
/*!40000 ALTER TABLE `qrtz_triggers` ENABLE KEYS */;
UNLOCK TABLES;

--
-- Table structure for table `reminder`
--

DROP TABLE IF EXISTS `reminder`;
/*!40101 SET @saved_cs_client     = @@character_set_client */;
 SET character_set_client = utf8mb4 ;
CREATE TABLE `reminder` (
  `id` int(11) NOT NULL AUTO_INCREMENT,
  `user_id` varchar(64) NOT NULL COMMENT '创建的用户',
  `schedule_id` int(11) NOT NULL COMMENT '调度任务的id',
  `mail_sender_id` int(11) NOT NULL,
  `create_time` datetime NOT NULL COMMENT '创建时间',
  `is_deprecated` int(1) DEFAULT '0' COMMENT '是否被弃用了,1表示被弃用，0表示仍有效',
  `finished_time` datetime DEFAULT NULL COMMENT '最后一次的完成时间',
  `finished_count` int(11) DEFAULT '0' COMMENT '已经完成的次数',
  PRIMARY KEY (`id`),
  KEY `FK_USER_ID_idx` (`user_id`),
  KEY `FK_SCHEDULE_ID_idx` (`schedule_id`),
  KEY `FK_MAIL_SENDER_ID_idx` (`mail_sender_id`),
  CONSTRAINT `FK_MAIL_SENDER_ID` FOREIGN KEY (`mail_sender_id`) REFERENCES `mail_sender` (`id`) ON DELETE CASCADE ON UPDATE CASCADE,
  CONSTRAINT `FK_SCHEDULE_ID` FOREIGN KEY (`schedule_id`) REFERENCES `schedule` (`id`) ON DELETE CASCADE ON UPDATE CASCADE
) ENGINE=InnoDB AUTO_INCREMENT=5 DEFAULT CHARSET=utf8mb4 COLLATE=utf8mb4_0900_ai_ci;
/*!40101 SET character_set_client = @saved_cs_client */;

--
-- Dumping data for table `reminder`
--

LOCK TABLES `reminder` WRITE;
/*!40000 ALTER TABLE `reminder` DISABLE KEYS */;
INSERT INTO `reminder` VALUES (3,'asdasdasdasdasdasd',7,6,'2019-12-10 16:44:02',0,NULL,0);
/*!40000 ALTER TABLE `reminder` ENABLE KEYS */;
UNLOCK TABLES;

--
-- Table structure for table `schedule`
--

DROP TABLE IF EXISTS `schedule`;
/*!40101 SET @saved_cs_client     = @@character_set_client */;
 SET character_set_client = utf8mb4 ;
CREATE TABLE `schedule` (
  `id` int(11) NOT NULL AUTO_INCREMENT,
  `cron` varchar(50) NOT NULL COMMENT '定时任务表达式.其中就包含了是否重复等信息',
  `is_repeat` int(1) NOT NULL COMMENT '是否需要重复，1表示重复，0表示不重复',
  PRIMARY KEY (`id`),
  KEY `FK_USER_ID_idx` (`cron`),
  KEY `FK_SCHEDULE_ID_idx` (`is_repeat`)
) ENGINE=InnoDB AUTO_INCREMENT=9 DEFAULT CHARSET=utf8mb4 COLLATE=utf8mb4_0900_ai_ci;
/*!40101 SET character_set_client = @saved_cs_client */;

--
-- Dumping data for table `schedule`
--

LOCK TABLES `schedule` WRITE;
/*!40000 ALTER TABLE `schedule` DISABLE KEYS */;
INSERT INTO `schedule` VALUES (4,'0 45 10 10 12 ?',0),(5,'0 47 10 10 12 ?',0),(7,'0 44 16 10 12 ?',0);
/*!40000 ALTER TABLE `schedule` ENABLE KEYS */;
UNLOCK TABLES;

--
-- Table structure for table `schedule_job`
--

DROP TABLE IF EXISTS `schedule_job`;
/*!40101 SET @saved_cs_client     = @@character_set_client */;
 SET character_set_client = utf8mb4 ;
CREATE TABLE `schedule_job` (
  `job_id` bigint(20) NOT NULL AUTO_INCREMENT COMMENT '任务id',
  `bean_name` varchar(200) DEFAULT NULL COMMENT 'spring bean名称',
  `method_name` varchar(100) DEFAULT NULL COMMENT '方法名',
  `params` varchar(2000) DEFAULT NULL COMMENT '参数',
  `cron_expression` varchar(100) DEFAULT NULL COMMENT 'cron表达式',
  `status` tinyint(4) DEFAULT NULL COMMENT '任务状态',
  `remark` varchar(255) DEFAULT NULL COMMENT '备注',
  `create_time` varchar(30) DEFAULT NULL COMMENT '创建时间',
  `gmt_create` datetime DEFAULT NULL,
  `gmt_modified` datetime DEFAULT NULL,
  PRIMARY KEY (`job_id`)
) ENGINE=InnoDB AUTO_INCREMENT=5 DEFAULT CHARSET=utf8 COMMENT='定时任务';
/*!40101 SET character_set_client = @saved_cs_client */;

--
-- Dumping data for table `schedule_job`
--

LOCK TABLES `schedule_job` WRITE;
/*!40000 ALTER TABLE `schedule_job` DISABLE KEYS */;
INSERT INTO `schedule_job` VALUES (1,'testTask','test','res','0 0/1 * * * ?',1,'sadas','2016-12-01 23:16:46',NULL,NULL),(2,'testTask','test','res','0 0/1 * * * ?',1,'sadas','2016-12-03 14:55:56',NULL,'2017-07-02 20:30:23'),(4,'testTask','test','res','0 0/1 * * * ?',1,'sadas','2017-06-17',NULL,NULL);
/*!40000 ALTER TABLE `schedule_job` ENABLE KEYS */;
UNLOCK TABLES;

--
-- Table structure for table `schedule_job_log`
--

DROP TABLE IF EXISTS `schedule_job_log`;
/*!40101 SET @saved_cs_client     = @@character_set_client */;
 SET character_set_client = utf8mb4 ;
CREATE TABLE `schedule_job_log` (
  `log_id` bigint(20) NOT NULL AUTO_INCREMENT COMMENT '任务日志id',
  `job_id` bigint(20) NOT NULL COMMENT '任务id',
  `bean_name` varchar(200) DEFAULT NULL COMMENT 'spring bean名称',
  `method_name` varchar(100) DEFAULT NULL COMMENT '方法名',
  `params` varchar(2000) DEFAULT NULL COMMENT '参数',
  `status` tinyint(4) NOT NULL COMMENT '任务状态    0：成功    1：失败',
  `error` varchar(2000) DEFAULT NULL COMMENT '失败信息',
  `times` int(11) NOT NULL COMMENT '耗时(单位：毫秒)',
  `create_time` varchar(30) DEFAULT NULL COMMENT '创建时间',
  `gmt_modified` datetime DEFAULT NULL,
  `gmt_create` datetime DEFAULT NULL,
  PRIMARY KEY (`log_id`),
  KEY `job_id` (`job_id`)
) ENGINE=InnoDB AUTO_INCREMENT=9626 DEFAULT CHARSET=utf8 COMMENT='定时任务日志';
/*!40101 SET character_set_client = @saved_cs_client */;

--
-- Dumping data for table `schedule_job_log`
--

LOCK TABLES `schedule_job_log` WRITE;
/*!40000 ALTER TABLE `schedule_job_log` DISABLE KEYS */;
INSERT INTO `schedule_job_log` VALUES (7487,4,'testTask','test','res',0,'',1009,'2017-08-13',NULL,NULL),(7488,2,'testTask','test','res',0,'',1009,'2017-08-13',NULL,NULL),(7489,1,'testTask','test','res',0,'',1009,'2017-08-13',NULL,NULL),(7490,1,'testTask','test','res',0,'',1000,'2017-08-13',NULL,NULL),(7491,2,'testTask','test','res',0,'',1000,'2017-08-13',NULL,NULL),(7492,4,'testTask','test','res',0,'',1001,'2017-08-13',NULL,NULL),(7493,1,'testTask','test','res',0,'',1009,'2017-12-09',NULL,NULL),(7494,2,'testTask','test','res',0,'',1009,'2017-12-09',NULL,NULL),(7495,4,'testTask','test','res',0,'',1009,'2017-12-09',NULL,NULL),(7496,1,'testTask','test','res',0,'',1001,'2017-12-09',NULL,NULL),(7497,2,'testTask','test','res',0,'',1000,'2017-12-09',NULL,NULL),(7498,4,'testTask','test','res',0,'',1000,'2017-12-09',NULL,NULL),(7499,1,'testTask','test','res',0,'',1001,'2017-12-09',NULL,NULL),(7500,2,'testTask','test','res',0,'',1000,'2017-12-09',NULL,NULL),(7501,4,'testTask','test','res',0,'',1001,'2017-12-09',NULL,NULL),(7502,1,'testTask','test','res',0,'',1002,'2017-12-09',NULL,NULL),(7503,2,'testTask','test','res',0,'',1001,'2017-12-09',NULL,NULL),(7504,4,'testTask','test','res',0,'',1001,'2017-12-09',NULL,NULL),(7505,1,'testTask','test','res',0,'',1002,'2017-12-09',NULL,NULL),(7506,2,'testTask','test','res',0,'',1001,'2017-12-09',NULL,NULL),(7507,4,'testTask','test','res',0,'',1001,'2017-12-09',NULL,NULL),(7508,1,'testTask','test','res',0,'',1001,'2017-12-09',NULL,NULL),(7509,2,'testTask','test','res',0,'',1000,'2017-12-09',NULL,NULL),(7510,4,'testTask','test','res',0,'',1000,'2017-12-09',NULL,NULL),(7511,1,'testTask','test','res',0,'',1004,'2017-12-09',NULL,NULL),(7512,2,'testTask','test','res',0,'',1001,'2017-12-09',NULL,NULL),(7513,4,'testTask','test','res',0,'',1000,'2017-12-09',NULL,NULL),(7514,1,'testTask','test','res',0,'',1000,'2017-12-09',NULL,NULL),(7515,2,'testTask','test','res',0,'',1001,'2017-12-09',NULL,NULL),(7516,4,'testTask','test','res',0,'',1001,'2017-12-09',NULL,NULL),(7517,1,'testTask','test','res',0,'',1000,'2017-12-09',NULL,NULL),(7518,2,'testTask','test','res',0,'',1002,'2017-12-09',NULL,NULL),(7519,4,'testTask','test','res',0,'',1001,'2017-12-09',NULL,NULL),(7520,1,'testTask','test','res',0,'',1001,'2017-12-09',NULL,NULL),(7521,2,'testTask','test','res',0,'',1001,'2017-12-09',NULL,NULL),(7522,4,'testTask','test','res',0,'',1001,'2017-12-09',NULL,NULL),(7523,1,'testTask','test','res',0,'',1001,'2017-12-09',NULL,NULL),(7524,2,'testTask','test','res',0,'',1000,'2017-12-09',NULL,NULL),(7525,4,'testTask','test','res',0,'',1000,'2017-12-09',NULL,NULL),(7526,1,'testTask','test','res',0,'',1001,'2017-12-09',NULL,NULL),(7527,2,'testTask','test','res',0,'',1000,'2017-12-09',NULL,NULL),(7528,4,'testTask','test','res',0,'',1000,'2017-12-09',NULL,NULL),(7529,1,'testTask','test','res',0,'',1000,'2017-12-09',NULL,NULL),(7530,2,'testTask','test','res',0,'',1000,'2017-12-09',NULL,NULL),(7531,4,'testTask','test','res',0,'',1001,'2017-12-09',NULL,NULL),(7532,1,'testTask','test','res',0,'',1001,'2017-12-09',NULL,NULL),(7533,2,'testTask','test','res',0,'',1000,'2017-12-09',NULL,NULL),(7534,4,'testTask','test','res',0,'',1002,'2017-12-09',NULL,NULL),(7535,1,'testTask','test','res',0,'',1001,'2017-12-09',NULL,NULL),(7536,2,'testTask','test','res',0,'',1001,'2017-12-09',NULL,NULL),(7537,4,'testTask','test','res',0,'',1004,'2017-12-09',NULL,NULL),(7538,1,'testTask','test','res',0,'',1000,'2017-12-09',NULL,NULL),(7539,2,'testTask','test','res',0,'',1001,'2017-12-09',NULL,NULL),(7540,4,'testTask','test','res',0,'',1000,'2017-12-09',NULL,NULL),(7541,1,'testTask','test','res',0,'',1000,'2017-12-09',NULL,NULL),(7542,2,'testTask','test','res',0,'',1000,'2017-12-09',NULL,NULL),(7543,4,'testTask','test','res',0,'',1000,'2017-12-09',NULL,NULL),(7544,4,'testTask','test','res',0,'',1008,'2017-12-09',NULL,NULL),(7545,1,'testTask','test','res',0,'',1008,'2017-12-09',NULL,NULL),(7546,2,'testTask','test','res',0,'',1008,'2017-12-09',NULL,NULL),(7547,1,'testTask','test','res',0,'',1001,'2017-12-09',NULL,NULL),(7548,2,'testTask','test','res',0,'',1001,'2017-12-09',NULL,NULL),(7549,4,'testTask','test','res',0,'',1002,'2017-12-09',NULL,NULL),(7550,1,'testTask','test','res',0,'',1002,'2017-12-09',NULL,NULL),(7551,2,'testTask','test','res',0,'',1000,'2017-12-09',NULL,NULL),(7552,4,'testTask','test','res',0,'',1001,'2017-12-09',NULL,NULL),(7553,1,'testTask','test','res',0,'',1000,'2017-12-09',NULL,NULL),(7554,2,'testTask','test','res',0,'',1001,'2017-12-09',NULL,NULL),(7555,4,'testTask','test','res',0,'',1001,'2017-12-09',NULL,NULL),(7556,1,'testTask','test','res',0,'',1005,'2017-12-09',NULL,NULL),(7557,2,'testTask','test','res',0,'',1001,'2017-12-09',NULL,NULL),(7558,4,'testTask','test','res',0,'',1000,'2017-12-09',NULL,NULL),(7559,1,'testTask','test','res',0,'',1001,'2017-12-09',NULL,NULL),(7560,2,'testTask','test','res',0,'',1001,'2017-12-09',NULL,NULL),(7561,4,'testTask','test','res',0,'',1000,'2017-12-09',NULL,NULL),(7562,1,'testTask','test','res',0,'',1001,'2017-12-09',NULL,NULL),(7563,2,'testTask','test','res',0,'',1000,'2017-12-09',NULL,NULL),(7564,4,'testTask','test','res',0,'',1000,'2017-12-09',NULL,NULL),(7565,1,'testTask','test','res',0,'',1001,'2017-12-09',NULL,NULL),(7566,2,'testTask','test','res',0,'',1000,'2017-12-09',NULL,NULL),(7567,4,'testTask','test','res',0,'',1001,'2017-12-09',NULL,NULL),(7568,1,'testTask','test','res',0,'',1002,'2017-12-09',NULL,NULL),(7569,2,'testTask','test','res',0,'',1000,'2017-12-09',NULL,NULL),(7570,4,'testTask','test','res',0,'',1001,'2017-12-09',NULL,NULL),(7571,1,'testTask','test','res',0,'',1001,'2017-12-09',NULL,NULL),(7572,2,'testTask','test','res',0,'',1000,'2017-12-09',NULL,NULL),(7573,4,'testTask','test','res',0,'',1000,'2017-12-09',NULL,NULL),(7574,1,'testTask','test','res',0,'',1000,'2017-12-09',NULL,NULL),(7575,2,'testTask','test','res',0,'',1001,'2017-12-09',NULL,NULL),(7576,4,'testTask','test','res',0,'',1000,'2017-12-09',NULL,NULL),(7577,1,'testTask','test','res',0,'',1001,'2017-12-09',NULL,NULL),(7578,2,'testTask','test','res',0,'',1001,'2017-12-09',NULL,NULL),(7579,4,'testTask','test','res',0,'',1001,'2017-12-09',NULL,NULL),(7580,1,'testTask','test','res',0,'',1000,'2017-12-09',NULL,NULL),(7581,2,'testTask','test','res',0,'',1002,'2017-12-09',NULL,NULL),(7582,4,'testTask','test','res',0,'',1001,'2017-12-09',NULL,NULL),(7583,1,'testTask','test','res',0,'',1010,'2017-12-09',NULL,NULL),(7584,2,'testTask','test','res',0,'',1001,'2017-12-09',NULL,NULL),(7585,4,'testTask','test','res',0,'',1002,'2017-12-09',NULL,NULL),(7586,1,'testTask','test','res',0,'',1000,'2017-12-09',NULL,NULL),(7587,2,'testTask','test','res',0,'',1001,'2017-12-09',NULL,NULL),(7588,4,'testTask','test','res',0,'',1000,'2017-12-09',NULL,NULL),(7589,1,'testTask','test','res',0,'',1000,'2017-12-09',NULL,NULL),(7590,2,'testTask','test','res',0,'',1000,'2017-12-09',NULL,NULL),(7591,4,'testTask','test','res',0,'',1001,'2017-12-09',NULL,NULL),(7592,1,'testTask','test','res',0,'',1001,'2017-12-10',NULL,NULL),(7593,2,'testTask','test','res',0,'',1000,'2017-12-10',NULL,NULL),(7594,4,'testTask','test','res',0,'',1001,'2017-12-10',NULL,NULL),(7595,1,'testTask','test','res',0,'',1000,'2017-12-10',NULL,NULL),(7596,2,'testTask','test','res',0,'',1000,'2017-12-10',NULL,NULL),(7597,4,'testTask','test','res',0,'',1001,'2017-12-10',NULL,NULL),(7598,1,'testTask','test','res',0,'',1001,'2017-12-10',NULL,NULL),(7599,2,'testTask','test','res',0,'',1001,'2017-12-10',NULL,NULL),(7600,4,'testTask','test','res',0,'',1001,'2017-12-10',NULL,NULL),(7601,1,'testTask','test','res',0,'',1001,'2017-12-10',NULL,NULL),(7602,2,'testTask','test','res',0,'',1000,'2017-12-10',NULL,NULL),(7603,4,'testTask','test','res',0,'',1000,'2017-12-10',NULL,NULL),(7604,1,'testTask','test','res',0,'',1001,'2017-12-10',NULL,NULL),(7605,2,'testTask','test','res',0,'',1000,'2017-12-10',NULL,NULL),(7606,4,'testTask','test','res',0,'',1001,'2017-12-10',NULL,NULL),(7607,1,'testTask','test','res',0,'',1002,'2017-12-10',NULL,NULL),(7608,2,'testTask','test','res',0,'',1001,'2017-12-10',NULL,NULL),(7609,4,'testTask','test','res',0,'',1001,'2017-12-10',NULL,NULL),(7610,1,'testTask','test','res',0,'',1002,'2017-12-10',NULL,NULL),(7611,2,'testTask','test','res',0,'',1000,'2017-12-10',NULL,NULL),(7612,4,'testTask','test','res',0,'',1001,'2017-12-10',NULL,NULL),(7613,1,'testTask','test','res',0,'',1001,'2017-12-10',NULL,NULL),(7614,2,'testTask','test','res',0,'',1002,'2017-12-10',NULL,NULL),(7615,4,'testTask','test','res',0,'',1001,'2017-12-10',NULL,NULL),(7616,1,'testTask','test','res',0,'',1001,'2017-12-10',NULL,NULL),(7617,2,'testTask','test','res',0,'',1000,'2017-12-10',NULL,NULL),(7618,4,'testTask','test','res',0,'',1001,'2017-12-10',NULL,NULL),(7619,1,'testTask','test','res',0,'',1000,'2017-12-10',NULL,NULL),(7620,2,'testTask','test','res',0,'',1000,'2017-12-10',NULL,NULL),(7621,4,'testTask','test','res',0,'',1001,'2017-12-10',NULL,NULL),(7622,1,'testTask','test','res',0,'',1003,'2017-12-10',NULL,NULL),(7623,2,'testTask','test','res',0,'',1002,'2017-12-10',NULL,NULL),(7624,4,'testTask','test','res',0,'',1002,'2017-12-10',NULL,NULL),(7625,1,'testTask','test','res',0,'',1003,'2017-12-10',NULL,NULL),(7626,2,'testTask','test','res',0,'',1001,'2017-12-10',NULL,NULL),(7627,4,'testTask','test','res',0,'',1000,'2017-12-10',NULL,NULL),(7628,1,'testTask','test','res',0,'',1001,'2017-12-10',NULL,NULL),(7629,2,'testTask','test','res',0,'',1001,'2017-12-10',NULL,NULL),(7630,4,'testTask','test','res',0,'',1000,'2017-12-10',NULL,NULL),(7631,1,'testTask','test','res',0,'',1003,'2017-12-10',NULL,NULL),(7632,2,'testTask','test','res',0,'',1000,'2017-12-10',NULL,NULL),(7633,4,'testTask','test','res',0,'',1000,'2017-12-10',NULL,NULL),(7634,1,'testTask','test','res',0,'',1002,'2017-12-10',NULL,NULL),(7635,2,'testTask','test','res',0,'',1000,'2017-12-10',NULL,NULL),(7636,4,'testTask','test','res',0,'',1001,'2017-12-10',NULL,NULL),(7637,1,'testTask','test','res',0,'',1001,'2017-12-10',NULL,NULL),(7638,2,'testTask','test','res',0,'',1001,'2017-12-10',NULL,NULL),(7639,4,'testTask','test','res',0,'',1000,'2017-12-10',NULL,NULL),(7640,1,'testTask','test','res',0,'',1001,'2017-12-10',NULL,NULL),(7641,2,'testTask','test','res',0,'',1000,'2017-12-10',NULL,NULL),(7642,4,'testTask','test','res',0,'',1001,'2017-12-10',NULL,NULL),(7643,4,'testTask','test','res',0,'',1009,'2017-12-10',NULL,NULL),(7644,1,'testTask','test','res',0,'',1009,'2017-12-10',NULL,NULL),(7645,2,'testTask','test','res',0,'',1009,'2017-12-10',NULL,NULL),(7646,1,'testTask','test','res',0,'',1001,'2017-12-10',NULL,NULL),(7647,2,'testTask','test','res',0,'',1000,'2017-12-10',NULL,NULL),(7648,4,'testTask','test','res',0,'',1000,'2017-12-10',NULL,NULL),(7649,1,'testTask','test','res',0,'',1001,'2017-12-10',NULL,NULL),(7650,2,'testTask','test','res',0,'',1001,'2017-12-10',NULL,NULL),(7651,4,'testTask','test','res',0,'',1001,'2017-12-10',NULL,NULL),(7652,1,'testTask','test','res',0,'',1000,'2017-12-10',NULL,NULL),(7653,2,'testTask','test','res',0,'',1000,'2017-12-10',NULL,NULL),(7654,4,'testTask','test','res',0,'',1001,'2017-12-10',NULL,NULL),(7655,1,'testTask','test','res',0,'',1001,'2017-12-10',NULL,NULL),(7656,2,'testTask','test','res',0,'',1001,'2017-12-10',NULL,NULL),(7657,4,'testTask','test','res',0,'',1001,'2017-12-10',NULL,NULL),(7658,1,'testTask','test','res',0,'',1001,'2017-12-10',NULL,NULL),(7659,2,'testTask','test','res',0,'',1000,'2017-12-10',NULL,NULL),(7660,4,'testTask','test','res',0,'',1000,'2017-12-10',NULL,NULL),(7661,4,'testTask','test','res',0,'',1010,'2017-12-10',NULL,NULL),(7662,2,'testTask','test','res',0,'',1010,'2017-12-10',NULL,NULL),(7663,1,'testTask','test','res',0,'',1010,'2017-12-10',NULL,NULL),(7664,1,'testTask','test','res',0,'',1001,'2017-12-10',NULL,NULL),(7665,2,'testTask','test','res',0,'',1001,'2017-12-10',NULL,NULL),(7666,4,'testTask','test','res',0,'',1000,'2017-12-10',NULL,NULL),(7667,1,'testTask','test','res',0,'',1001,'2017-12-10',NULL,NULL),(7668,2,'testTask','test','res',0,'',1001,'2017-12-10',NULL,NULL),(7669,4,'testTask','test','res',0,'',1000,'2017-12-10',NULL,NULL),(7670,1,'testTask','test','res',0,'',1001,'2017-12-10',NULL,NULL),(7671,2,'testTask','test','res',0,'',1001,'2017-12-10',NULL,NULL),(7672,4,'testTask','test','res',0,'',1000,'2017-12-10',NULL,NULL),(7673,1,'testTask','test','res',0,'',1000,'2017-12-10',NULL,NULL),(7674,2,'testTask','test','res',0,'',1001,'2017-12-10',NULL,NULL),(7675,4,'testTask','test','res',0,'',1004,'2017-12-10',NULL,NULL),(7676,1,'testTask','test','res',0,'',1003,'2017-12-10',NULL,NULL),(7677,2,'testTask','test','res',0,'',1002,'2017-12-10',NULL,NULL),(7678,4,'testTask','test','res',0,'',1002,'2017-12-10',NULL,NULL),(7679,1,'testTask','test','res',0,'',1001,'2017-12-10',NULL,NULL),(7680,2,'testTask','test','res',0,'',1000,'2017-12-10',NULL,NULL),(7681,4,'testTask','test','res',0,'',1000,'2017-12-10',NULL,NULL),(7682,1,'testTask','test','res',0,'',1000,'2017-12-10',NULL,NULL),(7683,2,'testTask','test','res',0,'',1001,'2017-12-10',NULL,NULL),(7684,4,'testTask','test','res',0,'',1001,'2017-12-10',NULL,NULL),(7685,1,'testTask','test','res',0,'',1001,'2017-12-10',NULL,NULL),(7686,2,'testTask','test','res',0,'',1001,'2017-12-10',NULL,NULL),(7687,4,'testTask','test','res',0,'',1000,'2017-12-10',NULL,NULL),(7688,2,'testTask','test','res',0,'',1009,'2017-12-10',NULL,NULL),(7689,4,'testTask','test','res',0,'',1009,'2017-12-10',NULL,NULL),(7690,1,'testTask','test','res',0,'',1009,'2017-12-10',NULL,NULL),(7691,1,'testTask','test','res',0,'',1000,'2017-12-10',NULL,NULL),(7692,2,'testTask','test','res',0,'',1000,'2017-12-10',NULL,NULL),(7693,4,'testTask','test','res',0,'',1000,'2017-12-10',NULL,NULL),(7694,1,'testTask','test','res',0,'',1002,'2017-12-10',NULL,NULL),(7695,2,'testTask','test','res',0,'',1001,'2017-12-10',NULL,NULL),(7696,4,'testTask','test','res',0,'',1000,'2017-12-10',NULL,NULL),(7697,1,'testTask','test','res',0,'',1001,'2017-12-10',NULL,NULL),(7698,2,'testTask','test','res',0,'',1000,'2017-12-10',NULL,NULL),(7699,4,'testTask','test','res',0,'',1000,'2017-12-10',NULL,NULL),(7700,1,'testTask','test','res',0,'',1001,'2017-12-10',NULL,NULL),(7701,2,'testTask','test','res',0,'',1001,'2017-12-10',NULL,NULL),(7702,4,'testTask','test','res',0,'',1001,'2017-12-10',NULL,NULL),(7703,1,'testTask','test','res',0,'',1001,'2017-12-10',NULL,NULL),(7704,2,'testTask','test','res',0,'',1000,'2017-12-10',NULL,NULL),(7705,4,'testTask','test','res',0,'',1000,'2017-12-10',NULL,NULL),(7706,1,'testTask','test','res',0,'',1002,'2017-12-10',NULL,NULL),(7707,2,'testTask','test','res',0,'',1003,'2017-12-10',NULL,NULL),(7708,4,'testTask','test','res',0,'',1001,'2017-12-10',NULL,NULL),(7709,1,'testTask','test','res',0,'',1001,'2017-12-10',NULL,NULL),(7710,2,'testTask','test','res',0,'',1000,'2017-12-10',NULL,NULL),(7711,4,'testTask','test','res',0,'',1001,'2017-12-10',NULL,NULL),(7712,1,'testTask','test','res',0,'',1001,'2017-12-10',NULL,NULL),(7713,2,'testTask','test','res',0,'',1000,'2017-12-10',NULL,NULL),(7714,4,'testTask','test','res',0,'',1001,'2017-12-10',NULL,NULL),(7715,1,'testTask','test','res',0,'',1001,'2017-12-10',NULL,NULL),(7716,2,'testTask','test','res',0,'',1000,'2017-12-10',NULL,NULL),(7717,4,'testTask','test','res',0,'',1001,'2017-12-10',NULL,NULL),(7718,1,'testTask','test','res',0,'',1001,'2017-12-10',NULL,NULL),(7719,2,'testTask','test','res',0,'',1001,'2017-12-10',NULL,NULL),(7720,4,'testTask','test','res',0,'',1001,'2017-12-10',NULL,NULL),(7721,1,'testTask','test','res',0,'',1001,'2017-12-10',NULL,NULL),(7722,2,'testTask','test','res',0,'',1001,'2017-12-10',NULL,NULL),(7723,4,'testTask','test','res',0,'',1001,'2017-12-10',NULL,NULL),(7724,1,'testTask','test','res',0,'',1001,'2017-12-10',NULL,NULL),(7725,2,'testTask','test','res',0,'',1001,'2017-12-10',NULL,NULL),(7726,4,'testTask','test','res',0,'',1001,'2017-12-10',NULL,NULL),(7727,1,'testTask','test','res',0,'',1001,'2017-12-10',NULL,NULL),(7728,2,'testTask','test','res',0,'',1001,'2017-12-10',NULL,NULL),(7729,4,'testTask','test','res',0,'',1002,'2017-12-10',NULL,NULL),(7730,1,'testTask','test','res',0,'',1001,'2017-12-10',NULL,NULL),(7731,2,'testTask','test','res',0,'',1001,'2017-12-10',NULL,NULL),(7732,4,'testTask','test','res',0,'',1004,'2017-12-10',NULL,NULL),(7733,1,'testTask','test','res',0,'',1001,'2017-12-10',NULL,NULL),(7734,2,'testTask','test','res',0,'',1000,'2017-12-10',NULL,NULL),(7735,4,'testTask','test','res',0,'',1001,'2017-12-10',NULL,NULL),(7736,1,'testTask','test','res',0,'',1001,'2017-12-10',NULL,NULL),(7737,2,'testTask','test','res',0,'',1001,'2017-12-10',NULL,NULL),(7738,4,'testTask','test','res',0,'',1001,'2017-12-10',NULL,NULL),(7739,1,'testTask','test','res',0,'',1001,'2017-12-10',NULL,NULL),(7740,2,'testTask','test','res',0,'',1001,'2017-12-10',NULL,NULL),(7741,4,'testTask','test','res',0,'',1000,'2017-12-10',NULL,NULL),(7742,1,'testTask','test','res',0,'',1001,'2017-12-10',NULL,NULL),(7743,2,'testTask','test','res',0,'',1000,'2017-12-10',NULL,NULL),(7744,4,'testTask','test','res',0,'',1001,'2017-12-10',NULL,NULL),(7745,4,'testTask','test','res',0,'',1008,'2017-12-10',NULL,NULL),(7746,2,'testTask','test','res',0,'',1008,'2017-12-10',NULL,NULL),(7747,1,'testTask','test','res',0,'',1008,'2017-12-10',NULL,NULL),(7748,1,'testTask','test','res',0,'',1001,'2017-12-10',NULL,NULL),(7749,2,'testTask','test','res',0,'',1000,'2017-12-10',NULL,NULL),(7750,4,'testTask','test','res',0,'',1000,'2017-12-10',NULL,NULL),(7751,1,'testTask','test','res',0,'',1001,'2017-12-10',NULL,NULL),(7752,2,'testTask','test','res',0,'',1001,'2017-12-10',NULL,NULL),(7753,4,'testTask','test','res',0,'',1000,'2017-12-10',NULL,NULL),(7754,1,'testTask','test','res',0,'',1001,'2017-12-10',NULL,NULL),(7755,2,'testTask','test','res',0,'',1001,'2017-12-10',NULL,NULL),(7756,4,'testTask','test','res',0,'',1001,'2017-12-10',NULL,NULL),(7757,1,'testTask','test','res',0,'',1005,'2017-12-10',NULL,NULL),(7758,2,'testTask','test','res',0,'',1000,'2017-12-10',NULL,NULL),(7759,4,'testTask','test','res',0,'',1001,'2017-12-10',NULL,NULL),(7760,1,'testTask','test','res',0,'',1001,'2017-12-10',NULL,NULL),(7761,2,'testTask','test','res',0,'',1000,'2017-12-10',NULL,NULL),(7762,4,'testTask','test','res',0,'',1001,'2017-12-10',NULL,NULL),(7763,1,'testTask','test','res',0,'',1001,'2017-12-10',NULL,NULL),(7764,2,'testTask','test','res',0,'',1002,'2017-12-10',NULL,NULL),(7765,4,'testTask','test','res',0,'',1001,'2017-12-10',NULL,NULL),(7766,4,'testTask','test','res',0,'',1010,'2017-12-10',NULL,NULL),(7767,1,'testTask','test','res',0,'',1010,'2017-12-10',NULL,NULL),(7768,2,'testTask','test','res',0,'',1010,'2017-12-10',NULL,NULL),(7769,1,'testTask','test','res',0,'',1005,'2017-12-10',NULL,NULL),(7770,2,'testTask','test','res',0,'',1001,'2017-12-10',NULL,NULL),(7771,4,'testTask','test','res',0,'',1000,'2017-12-10',NULL,NULL),(7772,1,'testTask','test','res',0,'',1005,'2017-12-10',NULL,NULL),(7773,2,'testTask','test','res',0,'',1000,'2017-12-10',NULL,NULL),(7774,4,'testTask','test','res',0,'',1001,'2017-12-10',NULL,NULL),(7775,1,'testTask','test','res',0,'',1001,'2017-12-10',NULL,NULL),(7776,2,'testTask','test','res',0,'',1000,'2017-12-10',NULL,NULL),(7777,4,'testTask','test','res',0,'',1000,'2017-12-10',NULL,NULL),(7778,1,'testTask','test','res',0,'',1001,'2017-12-10',NULL,NULL),(7779,2,'testTask','test','res',0,'',1001,'2017-12-10',NULL,NULL),(7780,4,'testTask','test','res',0,'',1000,'2017-12-10',NULL,NULL),(7781,1,'testTask','test','res',0,'',1001,'2017-12-10',NULL,NULL),(7782,2,'testTask','test','res',0,'',1000,'2017-12-10',NULL,NULL),(7783,4,'testTask','test','res',0,'',1001,'2017-12-10',NULL,NULL),(7784,1,'testTask','test','res',0,'',1001,'2017-12-10',NULL,NULL),(7785,2,'testTask','test','res',0,'',1001,'2017-12-10',NULL,NULL),(7786,4,'testTask','test','res',0,'',1001,'2017-12-10',NULL,NULL),(7787,1,'testTask','test','res',0,'',1003,'2017-12-10',NULL,NULL),(7788,2,'testTask','test','res',0,'',1001,'2017-12-10',NULL,NULL),(7789,4,'testTask','test','res',0,'',1001,'2017-12-10',NULL,NULL),(7790,1,'testTask','test','res',0,'',1001,'2017-12-10',NULL,NULL),(7791,2,'testTask','test','res',0,'',1001,'2017-12-10',NULL,NULL),(7792,4,'testTask','test','res',0,'',1000,'2017-12-10',NULL,NULL),(7793,1,'testTask','test','res',0,'',1011,'2017-12-10',NULL,NULL),(7794,2,'testTask','test','res',0,'',1011,'2017-12-10',NULL,NULL),(7795,4,'testTask','test','res',0,'',1011,'2017-12-10',NULL,NULL),(7796,1,'testTask','test','res',0,'',1000,'2017-12-10',NULL,NULL),(7797,2,'testTask','test','res',0,'',1001,'2017-12-10',NULL,NULL),(7798,4,'testTask','test','res',0,'',1001,'2017-12-10',NULL,NULL),(7799,1,'testTask','test','res',0,'',1001,'2017-12-10',NULL,NULL),(7800,2,'testTask','test','res',0,'',1001,'2017-12-10',NULL,NULL),(7801,4,'testTask','test','res',0,'',1000,'2017-12-10',NULL,NULL),(7802,1,'testTask','test','res',0,'',1001,'2017-12-10',NULL,NULL),(7803,2,'testTask','test','res',0,'',1000,'2017-12-10',NULL,NULL),(7804,4,'testTask','test','res',0,'',1001,'2017-12-10',NULL,NULL),(7805,1,'testTask','test','res',0,'',1001,'2017-12-10',NULL,NULL),(7806,2,'testTask','test','res',0,'',1001,'2017-12-10',NULL,NULL),(7807,4,'testTask','test','res',0,'',1002,'2017-12-10',NULL,NULL),(7808,1,'testTask','test','res',0,'',1002,'2017-12-10',NULL,NULL),(7809,2,'testTask','test','res',0,'',1001,'2017-12-10',NULL,NULL),(7810,4,'testTask','test','res',0,'',1001,'2017-12-10',NULL,NULL),(7811,1,'testTask','test','res',0,'',1010,'2017-12-10',NULL,NULL),(7812,2,'testTask','test','res',0,'',1010,'2017-12-10',NULL,NULL),(7813,4,'testTask','test','res',0,'',1010,'2017-12-10',NULL,NULL),(7814,1,'testTask','test','res',0,'',1000,'2017-12-10',NULL,NULL),(7815,2,'testTask','test','res',0,'',1001,'2017-12-10',NULL,NULL),(7816,4,'testTask','test','res',0,'',1002,'2017-12-10',NULL,NULL),(7817,1,'testTask','test','res',0,'',1002,'2017-12-10',NULL,NULL),(7818,2,'testTask','test','res',0,'',1003,'2017-12-10',NULL,NULL),(7819,4,'testTask','test','res',0,'',1002,'2017-12-10',NULL,NULL),(7820,1,'testTask','test','res',0,'',1002,'2017-12-10',NULL,NULL),(7821,2,'testTask','test','res',0,'',1000,'2017-12-10',NULL,NULL),(7822,4,'testTask','test','res',0,'',1001,'2017-12-10',NULL,NULL),(7823,1,'testTask','test','res',0,'',1001,'2017-12-10',NULL,NULL),(7824,2,'testTask','test','res',0,'',1001,'2017-12-10',NULL,NULL),(7825,4,'testTask','test','res',0,'',1001,'2017-12-10',NULL,NULL),(7826,1,'testTask','test','res',0,'',1002,'2017-12-10',NULL,NULL),(7827,2,'testTask','test','res',0,'',1000,'2017-12-10',NULL,NULL),(7828,4,'testTask','test','res',0,'',1001,'2017-12-10',NULL,NULL),(7829,1,'testTask','test','res',0,'',1001,'2017-12-10',NULL,NULL),(7830,2,'testTask','test','res',0,'',1001,'2017-12-10',NULL,NULL),(7831,4,'testTask','test','res',0,'',1001,'2017-12-10',NULL,NULL),(7832,4,'testTask','test','res',0,'',1011,'2017-12-10',NULL,NULL),(7833,1,'testTask','test','res',0,'',1011,'2017-12-10',NULL,NULL),(7834,2,'testTask','test','res',0,'',1011,'2017-12-10',NULL,NULL),(7835,1,'testTask','test','res',0,'',1013,'2017-12-10',NULL,NULL),(7836,2,'testTask','test','res',0,'',1014,'2017-12-10',NULL,NULL),(7837,4,'testTask','test','res',0,'',1014,'2017-12-10',NULL,NULL),(7838,1,'testTask','test','res',0,'',1000,'2017-12-10',NULL,NULL),(7839,2,'testTask','test','res',0,'',1000,'2017-12-10',NULL,NULL),(7840,4,'testTask','test','res',0,'',1000,'2017-12-10',NULL,NULL),(7841,1,'testTask','test','res',0,'',1001,'2017-12-10',NULL,NULL),(7842,2,'testTask','test','res',0,'',1000,'2017-12-10',NULL,NULL),(7843,4,'testTask','test','res',0,'',1001,'2017-12-10',NULL,NULL),(7844,1,'testTask','test','res',0,'',1008,'2017-12-10',NULL,NULL),(7845,2,'testTask','test','res',0,'',1001,'2017-12-10',NULL,NULL),(7846,4,'testTask','test','res',0,'',1000,'2017-12-10',NULL,NULL),(7847,4,'testTask','test','res',0,'',1013,'2017-12-10',NULL,NULL),(7848,2,'testTask','test','res',0,'',1012,'2017-12-10',NULL,NULL),(7849,1,'testTask','test','res',0,'',1012,'2017-12-10',NULL,NULL),(7850,1,'testTask','test','res',0,'',1001,'2017-12-10',NULL,NULL),(7851,2,'testTask','test','res',0,'',1005,'2017-12-10',NULL,NULL),(7852,4,'testTask','test','res',0,'',1002,'2017-12-10',NULL,NULL),(7853,1,'testTask','test','res',0,'',1001,'2017-12-10',NULL,NULL),(7854,2,'testTask','test','res',0,'',1001,'2017-12-10',NULL,NULL),(7855,4,'testTask','test','res',0,'',1001,'2017-12-10',NULL,NULL),(7856,1,'testTask','test','res',0,'',1006,'2017-12-11',NULL,NULL),(7857,2,'testTask','test','res',0,'',1003,'2017-12-11',NULL,NULL),(7858,4,'testTask','test','res',0,'',1000,'2017-12-11',NULL,NULL),(7859,1,'testTask','test','res',0,'',1006,'2017-12-11',NULL,NULL),(7860,2,'testTask','test','res',0,'',1002,'2017-12-11',NULL,NULL),(7861,4,'testTask','test','res',0,'',1002,'2017-12-11',NULL,NULL),(7862,1,'testTask','test','res',0,'',1002,'2017-12-11',NULL,NULL),(7863,2,'testTask','test','res',0,'',1001,'2017-12-11',NULL,NULL),(7864,4,'testTask','test','res',0,'',1000,'2017-12-11',NULL,NULL),(7865,4,'testTask','test','res',0,'',1004,'2017-12-11',NULL,NULL),(7866,1,'testTask','test','res',0,'',1004,'2017-12-11',NULL,NULL),(7867,2,'testTask','test','res',0,'',1004,'2017-12-11',NULL,NULL),(7868,1,'testTask','test','res',0,'',1002,'2017-12-11',NULL,NULL),(7869,2,'testTask','test','res',0,'',1004,'2017-12-11',NULL,NULL),(7870,4,'testTask','test','res',0,'',1000,'2017-12-11',NULL,NULL),(7871,2,'testTask','test','res',0,'',1012,'2017-12-11',NULL,NULL),(7872,4,'testTask','test','res',0,'',1012,'2017-12-11',NULL,NULL),(7873,1,'testTask','test','res',0,'',1012,'2017-12-11',NULL,NULL),(7874,1,'testTask','test','res',0,'',1002,'2017-12-11',NULL,NULL),(7875,2,'testTask','test','res',0,'',1000,'2017-12-11',NULL,NULL),(7876,4,'testTask','test','res',0,'',1000,'2017-12-11',NULL,NULL),(7877,1,'testTask','test','res',0,'',1001,'2017-12-11',NULL,NULL),(7878,2,'testTask','test','res',0,'',1000,'2017-12-11',NULL,NULL),(7879,4,'testTask','test','res',0,'',1000,'2017-12-11',NULL,NULL),(7880,1,'testTask','test','res',0,'',1001,'2017-12-11',NULL,NULL),(7881,2,'testTask','test','res',0,'',1000,'2017-12-11',NULL,NULL),(7882,4,'testTask','test','res',0,'',1001,'2017-12-11',NULL,NULL),(7883,1,'testTask','test','res',0,'',1008,'2017-12-11',NULL,NULL),(7884,2,'testTask','test','res',0,'',1008,'2017-12-11',NULL,NULL),(7885,4,'testTask','test','res',0,'',1008,'2017-12-11',NULL,NULL),(7886,1,'testTask','test','res',0,'',1003,'2017-12-11',NULL,NULL),(7887,2,'testTask','test','res',0,'',1002,'2017-12-11',NULL,NULL),(7888,4,'testTask','test','res',0,'',1004,'2017-12-11',NULL,NULL),(7889,1,'testTask','test','res',0,'',1001,'2017-12-11',NULL,NULL),(7890,2,'testTask','test','res',0,'',1001,'2017-12-11',NULL,NULL),(7891,4,'testTask','test','res',0,'',1000,'2017-12-11',NULL,NULL),(7892,1,'testTask','test','res',0,'',1000,'2017-12-11',NULL,NULL),(7893,2,'testTask','test','res',0,'',1001,'2017-12-11',NULL,NULL),(7894,4,'testTask','test','res',0,'',1002,'2017-12-11',NULL,NULL),(7895,1,'testTask','test','res',0,'',1000,'2017-12-11',NULL,NULL),(7896,2,'testTask','test','res',0,'',1001,'2017-12-11',NULL,NULL),(7897,4,'testTask','test','res',0,'',1001,'2017-12-11',NULL,NULL),(7898,4,'testTask','test','res',0,'',1001,'2017-12-11',NULL,NULL),(7899,2,'testTask','test','res',0,'',1008,'2017-12-11',NULL,NULL),(7900,1,'testTask','test','res',0,'',1006,'2017-12-11',NULL,NULL),(7901,1,'testTask','test','res',0,'',1011,'2017-12-11',NULL,NULL),(7902,4,'testTask','test','res',0,'',1010,'2017-12-11',NULL,NULL),(7903,2,'testTask','test','res',0,'',1010,'2017-12-11',NULL,NULL),(7904,1,'testTask','test','res',0,'',1000,'2017-12-11',NULL,NULL),(7905,2,'testTask','test','res',0,'',1001,'2017-12-11',NULL,NULL),(7906,4,'testTask','test','res',0,'',1000,'2017-12-11',NULL,NULL),(7907,1,'testTask','test','res',0,'',1000,'2017-12-11',NULL,NULL),(7908,2,'testTask','test','res',0,'',1001,'2017-12-11',NULL,NULL),(7909,4,'testTask','test','res',0,'',1006,'2017-12-11',NULL,NULL),(7910,4,'testTask','test','res',0,'',1023,'2017-12-11',NULL,NULL),(7911,1,'testTask','test','res',0,'',1023,'2017-12-11',NULL,NULL),(7912,2,'testTask','test','res',0,'',1023,'2017-12-11',NULL,NULL),(7913,1,'testTask','test','res',0,'',1002,'2017-12-11',NULL,NULL),(7914,2,'testTask','test','res',0,'',1001,'2017-12-11',NULL,NULL),(7915,4,'testTask','test','res',0,'',1001,'2017-12-11',NULL,NULL),(7916,1,'testTask','test','res',0,'',1001,'2017-12-11',NULL,NULL),(7917,2,'testTask','test','res',0,'',1001,'2017-12-11',NULL,NULL),(7918,4,'testTask','test','res',0,'',1001,'2017-12-11',NULL,NULL),(7919,1,'testTask','test','res',0,'',1000,'2017-12-11',NULL,NULL),(7920,2,'testTask','test','res',0,'',1001,'2017-12-11',NULL,NULL),(7921,4,'testTask','test','res',0,'',1000,'2017-12-11',NULL,NULL),(7922,1,'testTask','test','res',0,'',1000,'2017-12-11',NULL,NULL),(7923,2,'testTask','test','res',0,'',1001,'2017-12-11',NULL,NULL),(7924,4,'testTask','test','res',0,'',1001,'2017-12-11',NULL,NULL),(7925,1,'testTask','test','res',0,'',1002,'2017-12-11',NULL,NULL),(7926,2,'testTask','test','res',0,'',1000,'2017-12-11',NULL,NULL),(7927,4,'testTask','test','res',0,'',1001,'2017-12-11',NULL,NULL),(7928,1,'testTask','test','res',0,'',1003,'2017-12-11',NULL,NULL),(7929,2,'testTask','test','res',0,'',1001,'2017-12-11',NULL,NULL),(7930,4,'testTask','test','res',0,'',1001,'2017-12-11',NULL,NULL),(7931,1,'testTask','test','res',0,'',1003,'2017-12-11',NULL,NULL),(7932,2,'testTask','test','res',0,'',1001,'2017-12-11',NULL,NULL),(7933,4,'testTask','test','res',0,'',1001,'2017-12-11',NULL,NULL),(7934,1,'testTask','test','res',0,'',1001,'2017-12-11',NULL,NULL),(7935,2,'testTask','test','res',0,'',1001,'2017-12-11',NULL,NULL),(7936,4,'testTask','test','res',0,'',1001,'2017-12-11',NULL,NULL),(7937,1,'testTask','test','res',0,'',1009,'2017-12-12',NULL,NULL),(7938,4,'testTask','test','res',0,'',1009,'2017-12-12',NULL,NULL),(7939,2,'testTask','test','res',0,'',1010,'2017-12-12',NULL,NULL),(7940,1,'testTask','test','res',0,'',1001,'2017-12-12',NULL,NULL),(7941,2,'testTask','test','res',0,'',1001,'2017-12-12',NULL,NULL),(7942,4,'testTask','test','res',0,'',1000,'2017-12-12',NULL,NULL),(7943,1,'testTask','test','res',0,'',1000,'2017-12-12',NULL,NULL),(7944,2,'testTask','test','res',0,'',1001,'2017-12-12',NULL,NULL),(7945,4,'testTask','test','res',0,'',1000,'2017-12-12',NULL,NULL),(7946,1,'testTask','test','res',0,'',1000,'2017-12-12',NULL,NULL),(7947,2,'testTask','test','res',0,'',1001,'2017-12-12',NULL,NULL),(7948,4,'testTask','test','res',0,'',1001,'2017-12-12',NULL,NULL),(7949,1,'testTask','test','res',0,'',1001,'2017-12-12',NULL,NULL),(7950,2,'testTask','test','res',0,'',1001,'2017-12-12',NULL,NULL),(7951,4,'testTask','test','res',0,'',1001,'2017-12-12',NULL,NULL),(7952,1,'testTask','test','res',0,'',1001,'2017-12-12',NULL,NULL),(7953,2,'testTask','test','res',0,'',1000,'2017-12-12',NULL,NULL),(7954,4,'testTask','test','res',0,'',1000,'2017-12-12',NULL,NULL),(7955,1,'testTask','test','res',0,'',1001,'2017-12-12',NULL,NULL),(7956,2,'testTask','test','res',0,'',1001,'2017-12-12',NULL,NULL),(7957,4,'testTask','test','res',0,'',1001,'2017-12-12',NULL,NULL),(7958,4,'testTask','test','res',0,'',1002,'2017-12-12',NULL,NULL),(7959,1,'testTask','test','res',0,'',1005,'2017-12-12',NULL,NULL),(7960,2,'testTask','test','res',0,'',1000,'2017-12-12',NULL,NULL),(7961,1,'testTask','test','res',0,'',1001,'2017-12-12',NULL,NULL),(7962,2,'testTask','test','res',0,'',1002,'2017-12-12',NULL,NULL),(7963,4,'testTask','test','res',0,'',1001,'2017-12-12',NULL,NULL),(7964,1,'testTask','test','res',0,'',1001,'2017-12-12',NULL,NULL),(7965,2,'testTask','test','res',0,'',1001,'2017-12-12',NULL,NULL),(7966,4,'testTask','test','res',0,'',1000,'2017-12-12',NULL,NULL),(7967,1,'testTask','test','res',0,'',1001,'2017-12-12',NULL,NULL),(7968,2,'testTask','test','res',0,'',1000,'2017-12-12',NULL,NULL),(7969,4,'testTask','test','res',0,'',1001,'2017-12-12',NULL,NULL),(7970,1,'testTask','test','res',0,'',1001,'2017-12-12',NULL,NULL),(7971,2,'testTask','test','res',0,'',1001,'2017-12-12',NULL,NULL),(7972,4,'testTask','test','res',0,'',1001,'2017-12-12',NULL,NULL),(7973,4,'testTask','test','res',0,'',1008,'2017-12-12',NULL,NULL),(7974,1,'testTask','test','res',0,'',1008,'2017-12-12',NULL,NULL),(7975,2,'testTask','test','res',0,'',1008,'2017-12-12',NULL,NULL),(7976,4,'testTask','test','res',0,'',1005,'2017-12-12',NULL,NULL),(7977,1,'testTask','test','res',0,'',1005,'2017-12-12',NULL,NULL),(7978,2,'testTask','test','res',0,'',1005,'2017-12-12',NULL,NULL),(7979,1,'testTask','test','res',0,'',1001,'2017-12-12',NULL,NULL),(7980,2,'testTask','test','res',0,'',1000,'2017-12-12',NULL,NULL),(7981,4,'testTask','test','res',0,'',1000,'2017-12-12',NULL,NULL),(7982,1,'testTask','test','res',0,'',1001,'2017-12-12',NULL,NULL),(7983,2,'testTask','test','res',0,'',1000,'2017-12-12',NULL,NULL),(7984,4,'testTask','test','res',0,'',1000,'2017-12-12',NULL,NULL),(7985,1,'testTask','test','res',0,'',1001,'2017-12-12',NULL,NULL),(7986,2,'testTask','test','res',0,'',1000,'2017-12-12',NULL,NULL),(7987,4,'testTask','test','res',0,'',1000,'2017-12-12',NULL,NULL),(7988,1,'testTask','test','res',0,'',1001,'2017-12-12',NULL,NULL),(7989,2,'testTask','test','res',0,'',1000,'2017-12-12',NULL,NULL),(7990,4,'testTask','test','res',0,'',1001,'2017-12-12',NULL,NULL),(7991,1,'testTask','test','res',0,'',1005,'2017-12-12',NULL,NULL),(7992,2,'testTask','test','res',0,'',1005,'2017-12-12',NULL,NULL),(7993,4,'testTask','test','res',0,'',1005,'2017-12-12',NULL,NULL),(7994,2,'testTask','test','res',0,'',1005,'2017-12-12',NULL,NULL),(7995,1,'testTask','test','res',0,'',1005,'2017-12-12',NULL,NULL),(7996,4,'testTask','test','res',0,'',1006,'2017-12-12',NULL,NULL),(7997,2,'testTask','test','res',0,'',1004,'2017-12-12',NULL,NULL),(7998,4,'testTask','test','res',0,'',1000,'2017-12-12',NULL,NULL),(7999,1,'testTask','test','res',0,'',1009,'2017-12-12',NULL,NULL),(8000,1,'testTask','test','res',0,'',1001,'2017-12-12',NULL,NULL),(8001,2,'testTask','test','res',0,'',1000,'2017-12-12',NULL,NULL),(8002,4,'testTask','test','res',0,'',1000,'2017-12-12',NULL,NULL),(8003,1,'testTask','test','res',0,'',1000,'2017-12-12',NULL,NULL),(8004,2,'testTask','test','res',0,'',1001,'2017-12-12',NULL,NULL),(8005,4,'testTask','test','res',0,'',1000,'2017-12-12',NULL,NULL),(8006,4,'testTask','test','res',0,'',1005,'2017-12-12',NULL,NULL),(8007,2,'testTask','test','res',0,'',1005,'2017-12-12',NULL,NULL),(8008,1,'testTask','test','res',0,'',1005,'2017-12-12',NULL,NULL),(8009,1,'testTask','test','res',0,'',1004,'2017-12-12',NULL,NULL),(8010,4,'testTask','test','res',0,'',1001,'2017-12-12',NULL,NULL),(8011,2,'testTask','test','res',0,'',1000,'2017-12-12',NULL,NULL),(8012,2,'testTask','test','res',0,'',1009,'2017-12-12',NULL,NULL),(8013,4,'testTask','test','res',0,'',1009,'2017-12-12',NULL,NULL),(8014,1,'testTask','test','res',0,'',1009,'2017-12-12',NULL,NULL),(8015,4,'testTask','test','res',0,'',1009,'2017-12-12',NULL,NULL),(8016,2,'testTask','test','res',0,'',1009,'2017-12-12',NULL,NULL),(8017,1,'testTask','test','res',0,'',1009,'2017-12-12',NULL,NULL),(8018,1,'testTask','test','res',0,'',1002,'2017-12-12',NULL,NULL),(8019,2,'testTask','test','res',0,'',1001,'2017-12-12',NULL,NULL),(8020,4,'testTask','test','res',0,'',1001,'2017-12-12',NULL,NULL),(8021,1,'testTask','test','res',0,'',1001,'2017-12-12',NULL,NULL),(8022,2,'testTask','test','res',0,'',1000,'2017-12-12',NULL,NULL),(8023,4,'testTask','test','res',0,'',1001,'2017-12-12',NULL,NULL),(8024,1,'testTask','test','res',0,'',1002,'2017-12-12',NULL,NULL),(8025,2,'testTask','test','res',0,'',1001,'2017-12-12',NULL,NULL),(8026,4,'testTask','test','res',0,'',1000,'2017-12-12',NULL,NULL),(8027,1,'testTask','test','res',0,'',1001,'2017-12-12',NULL,NULL),(8028,2,'testTask','test','res',0,'',1001,'2017-12-12',NULL,NULL),(8029,4,'testTask','test','res',0,'',1001,'2017-12-12',NULL,NULL),(8030,1,'testTask','test','res',0,'',1004,'2017-12-12',NULL,NULL),(8031,2,'testTask','test','res',0,'',1002,'2017-12-12',NULL,NULL),(8032,4,'testTask','test','res',0,'',1001,'2017-12-12',NULL,NULL),(8033,1,'testTask','test','res',0,'',1003,'2017-12-12',NULL,NULL),(8034,2,'testTask','test','res',0,'',1000,'2017-12-12',NULL,NULL),(8035,4,'testTask','test','res',0,'',1000,'2017-12-12',NULL,NULL),(8036,1,'testTask','test','res',0,'',1001,'2017-12-12',NULL,NULL),(8037,2,'testTask','test','res',0,'',1003,'2017-12-12',NULL,NULL),(8038,4,'testTask','test','res',0,'',1002,'2017-12-12',NULL,NULL),(8039,1,'testTask','test','res',0,'',1001,'2017-12-12',NULL,NULL),(8040,2,'testTask','test','res',0,'',1000,'2017-12-12',NULL,NULL),(8041,4,'testTask','test','res',0,'',1000,'2017-12-12',NULL,NULL),(8042,2,'testTask','test','res',0,'',1001,'2017-12-12',NULL,NULL),(8043,1,'testTask','test','res',0,'',1037,'2017-12-12',NULL,NULL),(8044,4,'testTask','test','res',0,'',1001,'2017-12-12',NULL,NULL),(8045,1,'testTask','test','res',0,'',1001,'2017-12-12',NULL,NULL),(8046,2,'testTask','test','res',0,'',1001,'2017-12-12',NULL,NULL),(8047,4,'testTask','test','res',0,'',1000,'2017-12-12',NULL,NULL),(8048,1,'testTask','test','res',0,'',1001,'2017-12-12',NULL,NULL),(8049,2,'testTask','test','res',0,'',1001,'2017-12-12',NULL,NULL),(8050,4,'testTask','test','res',0,'',1000,'2017-12-12',NULL,NULL),(8051,1,'testTask','test','res',0,'',1001,'2017-12-12',NULL,NULL),(8052,2,'testTask','test','res',0,'',1000,'2017-12-12',NULL,NULL),(8053,4,'testTask','test','res',0,'',1001,'2017-12-12',NULL,NULL),(8054,1,'testTask','test','res',0,'',1018,'2017-12-14',NULL,NULL),(8055,2,'testTask','test','res',0,'',1018,'2017-12-14',NULL,NULL),(8056,4,'testTask','test','res',0,'',1018,'2017-12-14',NULL,NULL),(8057,1,'testTask','test','res',0,'',1002,'2017-12-14',NULL,NULL),(8058,2,'testTask','test','res',0,'',1001,'2017-12-14',NULL,NULL),(8059,4,'testTask','test','res',0,'',1000,'2017-12-14',NULL,NULL),(8060,1,'testTask','test','res',0,'',1001,'2017-12-14',NULL,NULL),(8061,2,'testTask','test','res',0,'',1001,'2017-12-14',NULL,NULL),(8062,4,'testTask','test','res',0,'',1001,'2017-12-14',NULL,NULL),(8063,1,'testTask','test','res',0,'',1001,'2017-12-14',NULL,NULL),(8064,2,'testTask','test','res',0,'',1002,'2017-12-14',NULL,NULL),(8065,4,'testTask','test','res',0,'',1000,'2017-12-14',NULL,NULL),(8066,1,'testTask','test','res',0,'',1001,'2017-12-14',NULL,NULL),(8067,2,'testTask','test','res',0,'',1001,'2017-12-14',NULL,NULL),(8068,4,'testTask','test','res',0,'',1001,'2017-12-14',NULL,NULL),(8069,1,'testTask','test','res',0,'',1002,'2017-12-14',NULL,NULL),(8070,2,'testTask','test','res',0,'',1000,'2017-12-14',NULL,NULL),(8071,4,'testTask','test','res',0,'',1001,'2017-12-14',NULL,NULL),(8072,1,'testTask','test','res',0,'',1002,'2017-12-14',NULL,NULL),(8073,2,'testTask','test','res',0,'',1001,'2017-12-14',NULL,NULL),(8074,4,'testTask','test','res',0,'',1001,'2017-12-14',NULL,NULL),(8075,1,'testTask','test','res',0,'',1001,'2017-12-14',NULL,NULL),(8076,2,'testTask','test','res',0,'',1021,'2017-12-14',NULL,NULL),(8077,4,'testTask','test','res',0,'',1001,'2017-12-14',NULL,NULL),(8078,1,'testTask','test','res',0,'',1002,'2017-12-14',NULL,NULL),(8079,2,'testTask','test','res',0,'',1001,'2017-12-14',NULL,NULL),(8080,4,'testTask','test','res',0,'',1000,'2017-12-14',NULL,NULL),(8081,1,'testTask','test','res',0,'',1001,'2017-12-14',NULL,NULL),(8082,2,'testTask','test','res',0,'',1001,'2017-12-14',NULL,NULL),(8083,4,'testTask','test','res',0,'',1001,'2017-12-14',NULL,NULL),(8084,1,'testTask','test','res',0,'',1001,'2017-12-14',NULL,NULL),(8085,2,'testTask','test','res',0,'',1000,'2017-12-14',NULL,NULL),(8086,4,'testTask','test','res',0,'',1000,'2017-12-14',NULL,NULL),(8087,4,'testTask','test','res',0,'',1009,'2017-12-30',NULL,NULL),(8088,2,'testTask','test','res',0,'',1009,'2017-12-30',NULL,NULL),(8089,1,'testTask','test','res',0,'',1009,'2017-12-30',NULL,NULL),(8090,1,'testTask','test','res',0,'',1001,'2017-12-30',NULL,NULL),(8091,2,'testTask','test','res',0,'',1001,'2017-12-30',NULL,NULL),(8092,4,'testTask','test','res',0,'',1001,'2017-12-30',NULL,NULL),(8093,1,'testTask','test','res',0,'',1001,'2017-12-30',NULL,NULL),(8094,2,'testTask','test','res',0,'',1012,'2017-12-30',NULL,NULL),(8095,4,'testTask','test','res',0,'',1000,'2017-12-30',NULL,NULL),(8096,2,'testTask','test','res',0,'',1004,'2017-12-30',NULL,NULL),(8097,1,'testTask','test','res',0,'',1004,'2017-12-30',NULL,NULL),(8098,4,'testTask','test','res',0,'',1000,'2017-12-30',NULL,NULL),(8099,1,'testTask','test','res',0,'',1001,'2017-12-30',NULL,NULL),(8100,2,'testTask','test','res',0,'',1001,'2017-12-30',NULL,NULL),(8101,4,'testTask','test','res',0,'',1001,'2017-12-30',NULL,NULL),(8102,1,'testTask','test','res',0,'',1005,'2017-12-30',NULL,NULL),(8103,2,'testTask','test','res',0,'',1000,'2017-12-30',NULL,NULL),(8104,4,'testTask','test','res',0,'',1001,'2017-12-30',NULL,NULL),(8105,1,'testTask','test','res',0,'',1001,'2017-12-30',NULL,NULL),(8106,2,'testTask','test','res',0,'',1001,'2017-12-30',NULL,NULL),(8107,4,'testTask','test','res',0,'',1000,'2017-12-30',NULL,NULL),(8108,1,'testTask','test','res',0,'',1001,'2017-12-30',NULL,NULL),(8109,2,'testTask','test','res',0,'',1001,'2017-12-30',NULL,NULL),(8110,4,'testTask','test','res',0,'',1000,'2017-12-30',NULL,NULL),(8111,1,'testTask','test','res',0,'',1001,'2017-12-30',NULL,NULL),(8112,2,'testTask','test','res',0,'',1000,'2017-12-30',NULL,NULL),(8113,4,'testTask','test','res',0,'',1000,'2017-12-30',NULL,NULL),(8114,2,'testTask','test','res',0,'',1004,'2017-12-30',NULL,NULL),(8115,4,'testTask','test','res',0,'',1004,'2017-12-30',NULL,NULL),(8116,1,'testTask','test','res',0,'',1004,'2017-12-30',NULL,NULL),(8117,1,'testTask','test','res',0,'',1001,'2017-12-30',NULL,NULL),(8118,2,'testTask','test','res',0,'',1001,'2017-12-30',NULL,NULL),(8119,4,'testTask','test','res',0,'',1001,'2017-12-30',NULL,NULL),(8120,1,'testTask','test','res',0,'',1001,'2017-12-30',NULL,NULL),(8121,2,'testTask','test','res',0,'',1000,'2017-12-30',NULL,NULL),(8122,4,'testTask','test','res',0,'',1001,'2017-12-30',NULL,NULL),(8123,4,'testTask','test','res',0,'',1014,'2017-12-30',NULL,NULL),(8124,1,'testTask','test','res',0,'',1014,'2017-12-30',NULL,NULL),(8125,2,'testTask','test','res',0,'',1014,'2017-12-30',NULL,NULL),(8126,1,'testTask','test','res',0,'',1001,'2017-12-30',NULL,NULL),(8127,2,'testTask','test','res',0,'',1002,'2017-12-30',NULL,NULL),(8128,4,'testTask','test','res',0,'',1000,'2017-12-30',NULL,NULL),(8129,1,'testTask','test','res',0,'',1003,'2017-12-30',NULL,NULL),(8130,2,'testTask','test','res',0,'',1001,'2017-12-30',NULL,NULL),(8131,4,'testTask','test','res',0,'',1000,'2017-12-30',NULL,NULL),(8132,1,'testTask','test','res',0,'',1000,'2017-12-30',NULL,NULL),(8133,2,'testTask','test','res',0,'',1001,'2017-12-30',NULL,NULL),(8134,4,'testTask','test','res',0,'',1002,'2017-12-30',NULL,NULL),(8135,1,'testTask','test','res',0,'',1001,'2017-12-30',NULL,NULL),(8136,2,'testTask','test','res',0,'',1001,'2017-12-30',NULL,NULL),(8137,4,'testTask','test','res',0,'',1000,'2017-12-30',NULL,NULL),(8138,2,'testTask','test','res',0,'',1009,'2017-12-30',NULL,NULL),(8139,1,'testTask','test','res',0,'',1009,'2017-12-30',NULL,NULL),(8140,4,'testTask','test','res',0,'',1009,'2017-12-30',NULL,NULL),(8141,1,'testTask','test','res',0,'',1001,'2017-12-30',NULL,NULL),(8142,2,'testTask','test','res',0,'',1000,'2017-12-30',NULL,NULL),(8143,4,'testTask','test','res',0,'',1001,'2017-12-30',NULL,NULL),(8144,1,'testTask','test','res',0,'',1000,'2017-12-30',NULL,NULL),(8145,2,'testTask','test','res',0,'',1001,'2017-12-30',NULL,NULL),(8146,4,'testTask','test','res',0,'',1002,'2017-12-30',NULL,NULL),(8147,1,'testTask','test','res',0,'',1001,'2017-12-30',NULL,NULL),(8148,2,'testTask','test','res',0,'',1001,'2017-12-30',NULL,NULL),(8149,4,'testTask','test','res',0,'',1000,'2017-12-30',NULL,NULL),(8150,1,'testTask','test','res',0,'',1002,'2017-12-30',NULL,NULL),(8151,2,'testTask','test','res',0,'',1001,'2017-12-30',NULL,NULL),(8152,4,'testTask','test','res',0,'',1001,'2017-12-30',NULL,NULL),(8153,1,'testTask','test','res',0,'',1003,'2017-12-30',NULL,NULL),(8154,2,'testTask','test','res',0,'',1001,'2017-12-30',NULL,NULL),(8155,4,'testTask','test','res',0,'',1001,'2017-12-30',NULL,NULL),(8156,1,'testTask','test','res',0,'',1005,'2017-12-30',NULL,NULL),(8157,2,'testTask','test','res',0,'',1001,'2017-12-30',NULL,NULL),(8158,4,'testTask','test','res',0,'',1001,'2017-12-30',NULL,NULL),(8159,1,'testTask','test','res',0,'',1001,'2017-12-30',NULL,NULL),(8160,2,'testTask','test','res',0,'',1001,'2017-12-30',NULL,NULL),(8161,4,'testTask','test','res',0,'',1001,'2017-12-30',NULL,NULL),(8162,1,'testTask','test','res',0,'',1001,'2017-12-30',NULL,NULL),(8163,2,'testTask','test','res',0,'',1002,'2017-12-30',NULL,NULL),(8164,4,'testTask','test','res',0,'',1002,'2017-12-30',NULL,NULL),(8165,2,'testTask','test','res',0,'',1005,'2017-12-30',NULL,NULL),(8166,1,'testTask','test','res',0,'',1013,'2017-12-30',NULL,NULL),(8167,4,'testTask','test','res',0,'',1000,'2017-12-30',NULL,NULL),(8168,1,'testTask','test','res',0,'',1001,'2017-12-30',NULL,NULL),(8169,2,'testTask','test','res',0,'',1002,'2017-12-30',NULL,NULL),(8170,4,'testTask','test','res',0,'',1002,'2017-12-30',NULL,NULL),(8171,1,'testTask','test','res',0,'',1001,'2017-12-30',NULL,NULL),(8172,2,'testTask','test','res',0,'',1001,'2017-12-30',NULL,NULL),(8173,4,'testTask','test','res',0,'',1001,'2017-12-30',NULL,NULL),(8174,1,'testTask','test','res',0,'',1001,'2017-12-30',NULL,NULL),(8175,2,'testTask','test','res',0,'',1001,'2017-12-30',NULL,NULL),(8176,4,'testTask','test','res',0,'',1000,'2017-12-30',NULL,NULL),(8177,2,'testTask','test','res',0,'',1008,'2018-01-17',NULL,NULL),(8178,4,'testTask','test','res',0,'',1008,'2018-01-17',NULL,NULL),(8179,1,'testTask','test','res',0,'',1008,'2018-01-17',NULL,NULL),(8180,1,'testTask','test','res',0,'',1001,'2018-01-17',NULL,NULL),(8181,2,'testTask','test','res',0,'',1001,'2018-01-17',NULL,NULL),(8182,4,'testTask','test','res',0,'',1002,'2018-01-17',NULL,NULL),(8183,4,'testTask','test','res',0,'',1080,'2018-01-17',NULL,NULL),(8184,2,'testTask','test','res',0,'',1009,'2018-01-17',NULL,NULL),(8185,1,'testTask','test','res',0,'',1010,'2018-01-17',NULL,NULL),(8186,1,'testTask','test','res',0,'',1001,'2018-01-17',NULL,NULL),(8187,2,'testTask','test','res',0,'',1000,'2018-01-17',NULL,NULL),(8188,4,'testTask','test','res',0,'',1000,'2018-01-17',NULL,NULL),(8189,1,'testTask','test','res',0,'',1001,'2018-01-17',NULL,NULL),(8190,2,'testTask','test','res',0,'',1001,'2018-01-17',NULL,NULL),(8191,4,'testTask','test','res',0,'',1000,'2018-01-17',NULL,NULL),(8192,1,'testTask','test','res',0,'',1001,'2018-01-17',NULL,NULL),(8193,2,'testTask','test','res',0,'',1012,'2018-01-17',NULL,NULL),(8194,4,'testTask','test','res',0,'',1001,'2018-01-17',NULL,NULL),(8195,1,'testTask','test','res',0,'',1008,'2018-01-17',NULL,NULL),(8196,4,'testTask','test','res',0,'',1008,'2018-01-17',NULL,NULL),(8197,2,'testTask','test','res',0,'',1009,'2018-01-17',NULL,NULL),(8198,1,'testTask','test','res',0,'',1002,'2018-01-17',NULL,NULL),(8199,2,'testTask','test','res',0,'',1001,'2018-01-17',NULL,NULL),(8200,4,'testTask','test','res',0,'',1000,'2018-01-17',NULL,NULL),(8201,1,'testTask','test','res',0,'',1001,'2018-01-17',NULL,NULL),(8202,2,'testTask','test','res',0,'',1001,'2018-01-17',NULL,NULL),(8203,4,'testTask','test','res',0,'',1001,'2018-01-17',NULL,NULL),(8204,1,'testTask','test','res',0,'',1001,'2018-01-17',NULL,NULL),(8205,2,'testTask','test','res',0,'',1001,'2018-01-17',NULL,NULL),(8206,4,'testTask','test','res',0,'',1001,'2018-01-17',NULL,NULL),(8207,4,'testTask','test','res',0,'',1009,'2018-01-17',NULL,NULL),(8208,1,'testTask','test','res',0,'',1009,'2018-01-17',NULL,NULL),(8209,2,'testTask','test','res',0,'',1009,'2018-01-17',NULL,NULL),(8210,1,'testTask','test','res',0,'',1001,'2018-01-17',NULL,NULL),(8211,2,'testTask','test','res',0,'',1002,'2018-01-17',NULL,NULL),(8212,4,'testTask','test','res',0,'',1000,'2018-01-17',NULL,NULL),(8213,1,'testTask','test','res',0,'',1000,'2018-01-17',NULL,NULL),(8214,2,'testTask','test','res',0,'',1001,'2018-01-17',NULL,NULL),(8215,4,'testTask','test','res',0,'',1000,'2018-01-17',NULL,NULL),(8216,4,'testTask','test','res',0,'',1010,'2018-01-21',NULL,NULL),(8217,2,'testTask','test','res',0,'',1010,'2018-01-21',NULL,NULL),(8218,1,'testTask','test','res',0,'',1010,'2018-01-21',NULL,NULL),(8219,1,'testTask','test','res',0,'',1004,'2018-01-21',NULL,NULL),(8220,2,'testTask','test','res',0,'',1004,'2018-01-21',NULL,NULL),(8221,4,'testTask','test','res',0,'',1000,'2018-01-21',NULL,NULL),(8222,1,'testTask','test','res',0,'',1001,'2018-01-21',NULL,NULL),(8223,2,'testTask','test','res',0,'',1005,'2018-01-21',NULL,NULL),(8224,4,'testTask','test','res',0,'',1001,'2018-01-21',NULL,NULL),(8225,1,'testTask','test','res',0,'',1001,'2018-01-21',NULL,NULL),(8226,2,'testTask','test','res',0,'',1001,'2018-01-21',NULL,NULL),(8227,4,'testTask','test','res',0,'',1001,'2018-01-21',NULL,NULL),(8228,1,'testTask','test','res',0,'',1000,'2018-01-21',NULL,NULL),(8229,2,'testTask','test','res',0,'',1000,'2018-01-21',NULL,NULL),(8230,4,'testTask','test','res',0,'',1000,'2018-01-21',NULL,NULL),(8231,1,'testTask','test','res',0,'',1003,'2018-01-21',NULL,NULL),(8232,2,'testTask','test','res',0,'',1000,'2018-01-21',NULL,NULL),(8233,4,'testTask','test','res',0,'',1000,'2018-01-21',NULL,NULL),(8234,1,'testTask','test','res',0,'',1002,'2018-01-21',NULL,NULL),(8235,2,'testTask','test','res',0,'',1001,'2018-01-21',NULL,NULL),(8236,4,'testTask','test','res',0,'',1001,'2018-01-21',NULL,NULL),(8237,1,'testTask','test','res',0,'',1001,'2018-01-21',NULL,NULL),(8238,2,'testTask','test','res',0,'',1000,'2018-01-21',NULL,NULL),(8239,4,'testTask','test','res',0,'',1001,'2018-01-21',NULL,NULL),(8240,1,'testTask','test','res',0,'',1002,'2018-01-21',NULL,NULL),(8241,2,'testTask','test','res',0,'',1001,'2018-01-21',NULL,NULL),(8242,4,'testTask','test','res',0,'',1000,'2018-01-21',NULL,NULL),(8243,1,'testTask','test','res',0,'',1002,'2018-01-21',NULL,NULL),(8244,2,'testTask','test','res',0,'',1002,'2018-01-21',NULL,NULL),(8245,4,'testTask','test','res',0,'',1000,'2018-01-21',NULL,NULL),(8246,1,'testTask','test','res',0,'',1000,'2018-01-21',NULL,NULL),(8247,2,'testTask','test','res',0,'',1001,'2018-01-21',NULL,NULL),(8248,4,'testTask','test','res',0,'',1000,'2018-01-21',NULL,NULL),(8249,1,'testTask','test','res',0,'',1001,'2018-01-21',NULL,NULL),(8250,2,'testTask','test','res',0,'',1001,'2018-01-21',NULL,NULL),(8251,4,'testTask','test','res',0,'',1000,'2018-01-21',NULL,NULL),(8252,1,'testTask','test','res',0,'',1001,'2018-01-21',NULL,NULL),(8253,2,'testTask','test','res',0,'',1001,'2018-01-21',NULL,NULL),(8254,4,'testTask','test','res',0,'',1001,'2018-01-21',NULL,NULL),(8255,1,'testTask','test','res',0,'',1001,'2018-01-21',NULL,NULL),(8256,2,'testTask','test','res',0,'',1001,'2018-01-21',NULL,NULL),(8257,4,'testTask','test','res',0,'',1001,'2018-01-21',NULL,NULL),(8258,1,'testTask','test','res',0,'',1000,'2018-01-21',NULL,NULL),(8259,2,'testTask','test','res',0,'',1000,'2018-01-21',NULL,NULL),(8260,4,'testTask','test','res',0,'',1001,'2018-01-21',NULL,NULL),(8261,1,'testTask','test','res',0,'',1000,'2018-01-21',NULL,NULL),(8262,2,'testTask','test','res',0,'',1000,'2018-01-21',NULL,NULL),(8263,4,'testTask','test','res',0,'',1000,'2018-01-21',NULL,NULL),(8264,1,'testTask','test','res',0,'',1000,'2018-01-21',NULL,NULL),(8265,2,'testTask','test','res',0,'',1000,'2018-01-21',NULL,NULL),(8266,4,'testTask','test','res',0,'',1001,'2018-01-21',NULL,NULL),(8267,1,'testTask','test','res',0,'',1001,'2018-01-21',NULL,NULL),(8268,2,'testTask','test','res',0,'',1002,'2018-01-21',NULL,NULL),(8269,4,'testTask','test','res',0,'',1032,'2018-01-21',NULL,NULL),(8270,1,'testTask','test','res',0,'',1002,'2018-01-21',NULL,NULL),(8271,2,'testTask','test','res',0,'',1001,'2018-01-21',NULL,NULL),(8272,4,'testTask','test','res',0,'',1003,'2018-01-21',NULL,NULL),(8273,1,'testTask','test','res',0,'',1001,'2018-01-21',NULL,NULL),(8274,2,'testTask','test','res',0,'',1001,'2018-01-21',NULL,NULL),(8275,4,'testTask','test','res',0,'',1001,'2018-01-21',NULL,NULL),(8276,1,'testTask','test','res',0,'',1001,'2018-01-21',NULL,NULL),(8277,2,'testTask','test','res',0,'',1000,'2018-01-21',NULL,NULL),(8278,4,'testTask','test','res',0,'',1001,'2018-01-21',NULL,NULL),(8279,1,'testTask','test','res',0,'',1003,'2018-01-21',NULL,NULL),(8280,2,'testTask','test','res',0,'',1001,'2018-01-21',NULL,NULL),(8281,4,'testTask','test','res',0,'',1000,'2018-01-21',NULL,NULL),(8282,1,'testTask','test','res',0,'',1001,'2018-01-21',NULL,NULL),(8283,2,'testTask','test','res',0,'',1001,'2018-01-21',NULL,NULL),(8284,4,'testTask','test','res',0,'',1001,'2018-01-21',NULL,NULL),(8285,1,'testTask','test','res',0,'',1000,'2018-01-21',NULL,NULL),(8286,2,'testTask','test','res',0,'',1000,'2018-01-21',NULL,NULL),(8287,4,'testTask','test','res',0,'',1000,'2018-01-21',NULL,NULL),(8288,1,'testTask','test','res',0,'',1001,'2018-01-21',NULL,NULL),(8289,2,'testTask','test','res',0,'',1001,'2018-01-21',NULL,NULL),(8290,4,'testTask','test','res',0,'',1001,'2018-01-21',NULL,NULL),(8291,1,'testTask','test','res',0,'',1002,'2018-01-21',NULL,NULL),(8292,2,'testTask','test','res',0,'',1002,'2018-01-21',NULL,NULL),(8293,4,'testTask','test','res',0,'',1001,'2018-01-21',NULL,NULL),(8294,1,'testTask','test','res',0,'',1000,'2018-01-21',NULL,NULL),(8295,2,'testTask','test','res',0,'',1001,'2018-01-21',NULL,NULL),(8296,4,'testTask','test','res',0,'',1000,'2018-01-21',NULL,NULL),(8297,1,'testTask','test','res',0,'',1001,'2018-01-21',NULL,NULL),(8298,2,'testTask','test','res',0,'',1001,'2018-01-21',NULL,NULL),(8299,4,'testTask','test','res',0,'',1001,'2018-01-21',NULL,NULL),(8300,1,'testTask','test','res',0,'',1001,'2018-01-21',NULL,NULL),(8301,2,'testTask','test','res',0,'',1000,'2018-01-21',NULL,NULL),(8302,4,'testTask','test','res',0,'',1000,'2018-01-21',NULL,NULL),(8303,1,'testTask','test','res',0,'',1001,'2018-01-21',NULL,NULL),(8304,2,'testTask','test','res',0,'',1004,'2018-01-21',NULL,NULL),(8305,4,'testTask','test','res',0,'',1000,'2018-01-21',NULL,NULL),(8306,1,'testTask','test','res',0,'',1000,'2018-01-21',NULL,NULL),(8307,2,'testTask','test','res',0,'',1006,'2018-01-21',NULL,NULL),(8308,4,'testTask','test','res',0,'',1000,'2018-01-21',NULL,NULL),(8309,1,'testTask','test','res',0,'',1001,'2018-01-21',NULL,NULL),(8310,2,'testTask','test','res',0,'',1000,'2018-01-21',NULL,NULL),(8311,4,'testTask','test','res',0,'',1001,'2018-01-21',NULL,NULL),(8312,1,'testTask','test','res',0,'',1002,'2018-01-21',NULL,NULL),(8313,2,'testTask','test','res',0,'',1000,'2018-01-21',NULL,NULL),(8314,4,'testTask','test','res',0,'',1000,'2018-01-21',NULL,NULL),(8315,1,'testTask','test','res',0,'',1001,'2018-01-21',NULL,NULL),(8316,2,'testTask','test','res',0,'',1001,'2018-01-21',NULL,NULL),(8317,4,'testTask','test','res',0,'',1001,'2018-01-21',NULL,NULL),(8318,1,'testTask','test','res',0,'',1000,'2018-01-21',NULL,NULL),(8319,2,'testTask','test','res',0,'',1001,'2018-01-21',NULL,NULL),(8320,4,'testTask','test','res',0,'',1001,'2018-01-21',NULL,NULL),(8321,1,'testTask','test','res',0,'',1000,'2018-01-21',NULL,NULL),(8322,2,'testTask','test','res',0,'',1000,'2018-01-21',NULL,NULL),(8323,4,'testTask','test','res',0,'',1000,'2018-01-21',NULL,NULL),(8324,1,'testTask','test','res',0,'',1001,'2018-01-21',NULL,NULL),(8325,2,'testTask','test','res',0,'',1000,'2018-01-21',NULL,NULL),(8326,4,'testTask','test','res',0,'',1000,'2018-01-21',NULL,NULL),(8327,1,'testTask','test','res',0,'',1002,'2018-01-21',NULL,NULL),(8328,2,'testTask','test','res',0,'',1004,'2018-01-21',NULL,NULL),(8329,4,'testTask','test','res',0,'',1001,'2018-01-21',NULL,NULL),(8330,1,'testTask','test','res',0,'',1001,'2018-01-21',NULL,NULL),(8331,2,'testTask','test','res',0,'',1000,'2018-01-21',NULL,NULL),(8332,4,'testTask','test','res',0,'',1000,'2018-01-21',NULL,NULL),(8333,1,'testTask','test','res',0,'',1000,'2018-01-21',NULL,NULL),(8334,2,'testTask','test','res',0,'',1021,'2018-01-21',NULL,NULL),(8335,4,'testTask','test','res',0,'',1015,'2018-01-21',NULL,NULL),(8336,1,'testTask','test','res',0,'',1000,'2018-01-21',NULL,NULL),(8337,2,'testTask','test','res',0,'',1001,'2018-01-21',NULL,NULL),(8338,4,'testTask','test','res',0,'',1001,'2018-01-21',NULL,NULL),(8339,1,'testTask','test','res',0,'',1001,'2018-01-22',NULL,NULL),(8340,2,'testTask','test','res',0,'',1001,'2018-01-22',NULL,NULL),(8341,4,'testTask','test','res',0,'',1001,'2018-01-22',NULL,NULL),(8342,4,'testTask','test','res',0,'',1008,'2018-01-22',NULL,NULL),(8343,2,'testTask','test','res',0,'',1008,'2018-01-22',NULL,NULL),(8344,1,'testTask','test','res',0,'',1008,'2018-01-22',NULL,NULL),(8345,1,'testTask','test','res',0,'',1001,'2018-01-22',NULL,NULL),(8346,2,'testTask','test','res',0,'',1002,'2018-01-22',NULL,NULL),(8347,4,'testTask','test','res',0,'',1000,'2018-01-22',NULL,NULL),(8348,1,'testTask','test','res',0,'',1001,'2018-01-22',NULL,NULL),(8349,2,'testTask','test','res',0,'',1001,'2018-01-22',NULL,NULL),(8350,4,'testTask','test','res',0,'',1001,'2018-01-22',NULL,NULL),(8351,1,'testTask','test','res',0,'',1000,'2018-01-22',NULL,NULL),(8352,2,'testTask','test','res',0,'',1001,'2018-01-22',NULL,NULL),(8353,4,'testTask','test','res',0,'',1000,'2018-01-22',NULL,NULL),(8354,1,'testTask','test','res',0,'',1001,'2018-01-22',NULL,NULL),(8355,2,'testTask','test','res',0,'',1001,'2018-01-22',NULL,NULL),(8356,4,'testTask','test','res',0,'',1001,'2018-01-22',NULL,NULL),(8357,1,'testTask','test','res',0,'',1010,'2018-01-22',NULL,NULL),(8358,2,'testTask','test','res',0,'',1010,'2018-01-22',NULL,NULL),(8359,4,'testTask','test','res',0,'',1010,'2018-01-22',NULL,NULL),(8360,1,'testTask','test','res',0,'',1000,'2018-01-22',NULL,NULL),(8361,2,'testTask','test','res',0,'',1001,'2018-01-22',NULL,NULL),(8362,4,'testTask','test','res',0,'',1001,'2018-01-22',NULL,NULL),(8363,2,'testTask','test','res',0,'',1004,'2018-01-22',NULL,NULL),(8364,1,'testTask','test','res',0,'',1004,'2018-01-22',NULL,NULL),(8365,4,'testTask','test','res',0,'',1005,'2018-01-22',NULL,NULL),(8366,1,'testTask','test','res',0,'',1001,'2018-01-22',NULL,NULL),(8367,2,'testTask','test','res',0,'',1001,'2018-01-22',NULL,NULL),(8368,4,'testTask','test','res',0,'',1000,'2018-01-22',NULL,NULL),(8369,1,'testTask','test','res',0,'',1000,'2018-01-22',NULL,NULL),(8370,2,'testTask','test','res',0,'',1001,'2018-01-22',NULL,NULL),(8371,4,'testTask','test','res',0,'',1001,'2018-01-22',NULL,NULL),(8372,1,'testTask','test','res',0,'',1002,'2018-01-22',NULL,NULL),(8373,2,'testTask','test','res',0,'',1002,'2018-01-22',NULL,NULL),(8374,4,'testTask','test','res',0,'',1002,'2018-01-22',NULL,NULL),(8375,1,'testTask','test','res',0,'',1000,'2018-01-22',NULL,NULL),(8376,2,'testTask','test','res',0,'',1001,'2018-01-22',NULL,NULL),(8377,4,'testTask','test','res',0,'',1001,'2018-01-22',NULL,NULL),(8378,1,'testTask','test','res',0,'',1002,'2018-01-22',NULL,NULL),(8379,2,'testTask','test','res',0,'',1001,'2018-01-22',NULL,NULL),(8380,4,'testTask','test','res',0,'',1001,'2018-01-22',NULL,NULL),(8381,1,'testTask','test','res',0,'',1001,'2018-01-22',NULL,NULL),(8382,2,'testTask','test','res',0,'',1008,'2018-01-22',NULL,NULL),(8383,4,'testTask','test','res',0,'',1001,'2018-01-22',NULL,NULL),(8384,1,'testTask','test','res',0,'',1000,'2018-01-22',NULL,NULL),(8385,2,'testTask','test','res',0,'',1001,'2018-01-22',NULL,NULL),(8386,4,'testTask','test','res',0,'',1001,'2018-01-22',NULL,NULL),(8387,1,'testTask','test','res',0,'',1002,'2018-01-22',NULL,NULL),(8388,2,'testTask','test','res',0,'',1001,'2018-01-22',NULL,NULL),(8389,4,'testTask','test','res',0,'',1000,'2018-01-22',NULL,NULL),(8390,1,'testTask','test','res',0,'',1000,'2018-01-22',NULL,NULL),(8391,2,'testTask','test','res',0,'',1000,'2018-01-22',NULL,NULL),(8392,4,'testTask','test','res',0,'',1001,'2018-01-22',NULL,NULL),(8393,1,'testTask','test','res',0,'',1000,'2018-01-22',NULL,NULL),(8394,2,'testTask','test','res',0,'',1001,'2018-01-22',NULL,NULL),(8395,4,'testTask','test','res',0,'',1001,'2018-01-22',NULL,NULL),(8396,1,'testTask','test','res',0,'',1000,'2018-01-22',NULL,NULL),(8397,2,'testTask','test','res',0,'',1001,'2018-01-22',NULL,NULL),(8398,4,'testTask','test','res',0,'',1002,'2018-01-22',NULL,NULL),(8399,1,'testTask','test','res',0,'',1001,'2018-01-22',NULL,NULL),(8400,2,'testTask','test','res',0,'',1001,'2018-01-22',NULL,NULL),(8401,4,'testTask','test','res',0,'',1001,'2018-01-22',NULL,NULL),(8402,1,'testTask','test','res',0,'',1001,'2018-01-22',NULL,NULL),(8403,2,'testTask','test','res',0,'',1001,'2018-01-22',NULL,NULL),(8404,4,'testTask','test','res',0,'',1000,'2018-01-22',NULL,NULL),(8405,1,'testTask','test','res',0,'',1001,'2018-01-22',NULL,NULL),(8406,2,'testTask','test','res',0,'',1001,'2018-01-22',NULL,NULL),(8407,4,'testTask','test','res',0,'',1000,'2018-01-22',NULL,NULL),(8408,1,'testTask','test','res',0,'',1003,'2018-01-22',NULL,NULL),(8409,2,'testTask','test','res',0,'',1001,'2018-01-22',NULL,NULL),(8410,4,'testTask','test','res',0,'',1000,'2018-01-22',NULL,NULL),(8411,1,'testTask','test','res',0,'',1001,'2018-01-22',NULL,NULL),(8412,2,'testTask','test','res',0,'',1000,'2018-01-22',NULL,NULL),(8413,4,'testTask','test','res',0,'',1001,'2018-01-22',NULL,NULL),(8414,1,'testTask','test','res',0,'',1001,'2018-01-22',NULL,NULL),(8415,2,'testTask','test','res',0,'',1001,'2018-01-22',NULL,NULL),(8416,4,'testTask','test','res',0,'',1000,'2018-01-22',NULL,NULL),(8417,1,'testTask','test','res',0,'',1001,'2018-01-22',NULL,NULL),(8418,2,'testTask','test','res',0,'',1001,'2018-01-22',NULL,NULL),(8419,4,'testTask','test','res',0,'',1000,'2018-01-22',NULL,NULL),(8420,1,'testTask','test','res',0,'',1000,'2018-01-22',NULL,NULL),(8421,2,'testTask','test','res',0,'',1001,'2018-01-22',NULL,NULL),(8422,4,'testTask','test','res',0,'',1001,'2018-01-22',NULL,NULL),(8423,1,'testTask','test','res',0,'',1010,'2018-01-22',NULL,NULL),(8424,2,'testTask','test','res',0,'',1001,'2018-01-22',NULL,NULL),(8425,4,'testTask','test','res',0,'',1000,'2018-01-22',NULL,NULL),(8426,1,'testTask','test','res',0,'',1001,'2018-01-22',NULL,NULL),(8427,2,'testTask','test','res',0,'',1001,'2018-01-22',NULL,NULL),(8428,4,'testTask','test','res',0,'',1001,'2018-01-22',NULL,NULL),(8429,1,'testTask','test','res',0,'',1001,'2018-01-22',NULL,NULL),(8430,2,'testTask','test','res',0,'',1002,'2018-01-22',NULL,NULL),(8431,4,'testTask','test','res',0,'',1002,'2018-01-22',NULL,NULL),(8432,1,'testTask','test','res',0,'',1001,'2018-01-22',NULL,NULL),(8433,2,'testTask','test','res',0,'',1001,'2018-01-22',NULL,NULL),(8434,4,'testTask','test','res',0,'',1000,'2018-01-22',NULL,NULL),(8435,1,'testTask','test','res',0,'',1001,'2018-01-22',NULL,NULL),(8436,2,'testTask','test','res',0,'',1001,'2018-01-22',NULL,NULL),(8437,4,'testTask','test','res',0,'',1001,'2018-01-22',NULL,NULL),(8438,1,'testTask','test','res',0,'',1001,'2018-01-22',NULL,NULL),(8439,2,'testTask','test','res',0,'',1001,'2018-01-22',NULL,NULL),(8440,4,'testTask','test','res',0,'',1000,'2018-01-22',NULL,NULL),(8441,1,'testTask','test','res',0,'',1001,'2018-01-22',NULL,NULL),(8442,2,'testTask','test','res',0,'',1001,'2018-01-22',NULL,NULL),(8443,4,'testTask','test','res',0,'',1001,'2018-01-22',NULL,NULL),(8444,1,'testTask','test','res',0,'',1001,'2018-01-22',NULL,NULL),(8445,2,'testTask','test','res',0,'',1000,'2018-01-22',NULL,NULL),(8446,4,'testTask','test','res',0,'',1001,'2018-01-22',NULL,NULL),(8447,1,'testTask','test','res',0,'',1001,'2018-01-22',NULL,NULL),(8448,2,'testTask','test','res',0,'',1001,'2018-01-22',NULL,NULL),(8449,4,'testTask','test','res',0,'',1000,'2018-01-22',NULL,NULL),(8450,1,'testTask','test','res',0,'',1001,'2018-01-22',NULL,NULL),(8451,2,'testTask','test','res',0,'',1000,'2018-01-22',NULL,NULL),(8452,4,'testTask','test','res',0,'',1001,'2018-01-22',NULL,NULL),(8453,1,'testTask','test','res',0,'',1000,'2018-01-22',NULL,NULL),(8454,2,'testTask','test','res',0,'',1000,'2018-01-22',NULL,NULL),(8455,4,'testTask','test','res',0,'',1000,'2018-01-22',NULL,NULL),(8456,1,'testTask','test','res',0,'',1002,'2018-01-22',NULL,NULL),(8457,2,'testTask','test','res',0,'',1001,'2018-01-22',NULL,NULL),(8458,4,'testTask','test','res',0,'',1001,'2018-01-22',NULL,NULL),(8459,1,'testTask','test','res',0,'',1001,'2018-01-22',NULL,NULL),(8460,2,'testTask','test','res',0,'',1001,'2018-01-22',NULL,NULL),(8461,4,'testTask','test','res',0,'',1001,'2018-01-22',NULL,NULL),(8462,1,'testTask','test','res',0,'',1002,'2018-01-22',NULL,NULL),(8463,2,'testTask','test','res',0,'',1002,'2018-01-22',NULL,NULL),(8464,4,'testTask','test','res',0,'',1002,'2018-01-22',NULL,NULL),(8465,1,'testTask','test','res',0,'',1001,'2018-01-22',NULL,NULL),(8466,2,'testTask','test','res',0,'',1001,'2018-01-22',NULL,NULL),(8467,4,'testTask','test','res',0,'',1000,'2018-01-22',NULL,NULL),(8468,1,'testTask','test','res',0,'',1001,'2018-01-22',NULL,NULL),(8469,2,'testTask','test','res',0,'',1001,'2018-01-22',NULL,NULL),(8470,4,'testTask','test','res',0,'',1001,'2018-01-22',NULL,NULL),(8471,1,'testTask','test','res',0,'',1001,'2018-01-22',NULL,NULL),(8472,2,'testTask','test','res',0,'',1001,'2018-01-22',NULL,NULL),(8473,4,'testTask','test','res',0,'',1001,'2018-01-22',NULL,NULL),(8474,1,'testTask','test','res',0,'',1001,'2018-01-22',NULL,NULL),(8475,2,'testTask','test','res',0,'',1001,'2018-01-22',NULL,NULL),(8476,4,'testTask','test','res',0,'',1001,'2018-01-22',NULL,NULL),(8477,1,'testTask','test','res',0,'',1000,'2018-01-22',NULL,NULL),(8478,2,'testTask','test','res',0,'',1000,'2018-01-22',NULL,NULL),(8479,4,'testTask','test','res',0,'',1000,'2018-01-22',NULL,NULL),(8480,1,'testTask','test','res',0,'',1002,'2018-01-22',NULL,NULL),(8481,2,'testTask','test','res',0,'',1001,'2018-01-22',NULL,NULL),(8482,4,'testTask','test','res',0,'',1000,'2018-01-22',NULL,NULL),(8483,1,'testTask','test','res',0,'',1002,'2018-01-22',NULL,NULL),(8484,2,'testTask','test','res',0,'',1001,'2018-01-22',NULL,NULL),(8485,4,'testTask','test','res',0,'',1001,'2018-01-22',NULL,NULL),(8486,1,'testTask','test','res',0,'',1001,'2018-01-22',NULL,NULL),(8487,2,'testTask','test','res',0,'',1001,'2018-01-22',NULL,NULL),(8488,4,'testTask','test','res',0,'',1000,'2018-01-22',NULL,NULL),(8489,1,'testTask','test','res',0,'',1000,'2018-01-22',NULL,NULL),(8490,2,'testTask','test','res',0,'',1000,'2018-01-22',NULL,NULL),(8491,4,'testTask','test','res',0,'',1000,'2018-01-22',NULL,NULL),(8492,1,'testTask','test','res',0,'',1001,'2018-01-22',NULL,NULL),(8493,2,'testTask','test','res',0,'',1000,'2018-01-22',NULL,NULL),(8494,4,'testTask','test','res',0,'',1004,'2018-01-22',NULL,NULL),(8495,1,'testTask','test','res',0,'',1001,'2018-01-22',NULL,NULL),(8496,2,'testTask','test','res',0,'',1000,'2018-01-22',NULL,NULL),(8497,4,'testTask','test','res',0,'',1000,'2018-01-22',NULL,NULL),(8498,1,'testTask','test','res',0,'',1001,'2018-01-22',NULL,NULL),(8499,2,'testTask','test','res',0,'',1001,'2018-01-22',NULL,NULL),(8500,4,'testTask','test','res',0,'',1001,'2018-01-22',NULL,NULL),(8501,1,'testTask','test','res',0,'',1001,'2018-01-22',NULL,NULL),(8502,2,'testTask','test','res',0,'',1002,'2018-01-22',NULL,NULL),(8503,4,'testTask','test','res',0,'',1002,'2018-01-22',NULL,NULL),(8504,1,'testTask','test','res',0,'',1002,'2018-01-22',NULL,NULL),(8505,2,'testTask','test','res',0,'',1002,'2018-01-22',NULL,NULL),(8506,4,'testTask','test','res',0,'',1001,'2018-01-22',NULL,NULL),(8507,1,'testTask','test','res',0,'',1001,'2018-01-22',NULL,NULL),(8508,2,'testTask','test','res',0,'',1000,'2018-01-22',NULL,NULL),(8509,4,'testTask','test','res',0,'',1001,'2018-01-22',NULL,NULL),(8510,1,'testTask','test','res',0,'',1001,'2018-01-22',NULL,NULL),(8511,2,'testTask','test','res',0,'',1001,'2018-01-22',NULL,NULL),(8512,4,'testTask','test','res',0,'',1001,'2018-01-22',NULL,NULL),(8513,1,'testTask','test','res',0,'',1001,'2018-01-22',NULL,NULL),(8514,2,'testTask','test','res',0,'',1002,'2018-01-22',NULL,NULL),(8515,4,'testTask','test','res',0,'',1000,'2018-01-22',NULL,NULL),(8516,1,'testTask','test','res',0,'',1002,'2018-01-22',NULL,NULL),(8517,2,'testTask','test','res',0,'',1001,'2018-01-22',NULL,NULL),(8518,4,'testTask','test','res',0,'',1000,'2018-01-22',NULL,NULL),(8519,1,'testTask','test','res',0,'',1001,'2018-01-22',NULL,NULL),(8520,2,'testTask','test','res',0,'',1001,'2018-01-22',NULL,NULL),(8521,4,'testTask','test','res',0,'',1001,'2018-01-22',NULL,NULL),(8522,1,'testTask','test','res',0,'',1001,'2018-01-22',NULL,NULL),(8523,2,'testTask','test','res',0,'',1001,'2018-01-22',NULL,NULL),(8524,4,'testTask','test','res',0,'',1000,'2018-01-22',NULL,NULL),(8525,1,'testTask','test','res',0,'',1006,'2018-01-22',NULL,NULL),(8526,2,'testTask','test','res',0,'',1001,'2018-01-22',NULL,NULL),(8527,4,'testTask','test','res',0,'',1001,'2018-01-22',NULL,NULL),(8528,1,'testTask','test','res',0,'',1001,'2018-01-22',NULL,NULL),(8529,2,'testTask','test','res',0,'',1001,'2018-01-22',NULL,NULL),(8530,4,'testTask','test','res',0,'',1000,'2018-01-22',NULL,NULL),(8531,1,'testTask','test','res',0,'',1001,'2018-01-22',NULL,NULL),(8532,2,'testTask','test','res',0,'',1002,'2018-01-22',NULL,NULL),(8533,4,'testTask','test','res',0,'',1001,'2018-01-22',NULL,NULL),(8534,1,'testTask','test','res',0,'',1001,'2018-01-22',NULL,NULL),(8535,2,'testTask','test','res',0,'',1000,'2018-01-22',NULL,NULL),(8536,4,'testTask','test','res',0,'',1001,'2018-01-22',NULL,NULL),(8537,1,'testTask','test','res',0,'',1001,'2018-01-22',NULL,NULL),(8538,2,'testTask','test','res',0,'',1001,'2018-01-22',NULL,NULL),(8539,4,'testTask','test','res',0,'',1001,'2018-01-22',NULL,NULL),(8540,1,'testTask','test','res',0,'',1001,'2018-01-22',NULL,NULL),(8541,2,'testTask','test','res',0,'',1001,'2018-01-22',NULL,NULL),(8542,4,'testTask','test','res',0,'',1000,'2018-01-22',NULL,NULL),(8543,1,'testTask','test','res',0,'',1000,'2018-01-22',NULL,NULL),(8544,2,'testTask','test','res',0,'',1000,'2018-01-22',NULL,NULL),(8545,4,'testTask','test','res',0,'',1001,'2018-01-22',NULL,NULL),(8546,1,'testTask','test','res',0,'',1001,'2018-01-22',NULL,NULL),(8547,2,'testTask','test','res',0,'',1001,'2018-01-22',NULL,NULL),(8548,4,'testTask','test','res',0,'',1001,'2018-01-22',NULL,NULL),(8549,1,'testTask','test','res',0,'',1001,'2018-01-22',NULL,NULL),(8550,2,'testTask','test','res',0,'',1000,'2018-01-22',NULL,NULL),(8551,4,'testTask','test','res',0,'',1000,'2018-01-22',NULL,NULL),(8552,1,'testTask','test','res',0,'',1001,'2018-01-22',NULL,NULL),(8553,2,'testTask','test','res',0,'',1001,'2018-01-22',NULL,NULL),(8554,4,'testTask','test','res',0,'',1000,'2018-01-22',NULL,NULL),(8555,1,'testTask','test','res',0,'',1001,'2018-01-22',NULL,NULL),(8556,2,'testTask','test','res',0,'',1002,'2018-01-22',NULL,NULL),(8557,4,'testTask','test','res',0,'',1000,'2018-01-22',NULL,NULL),(8558,1,'testTask','test','res',0,'',1001,'2018-01-22',NULL,NULL),(8559,2,'testTask','test','res',0,'',1001,'2018-01-22',NULL,NULL),(8560,4,'testTask','test','res',0,'',1001,'2018-01-22',NULL,NULL),(8561,1,'testTask','test','res',0,'',1000,'2018-01-22',NULL,NULL),(8562,2,'testTask','test','res',0,'',1001,'2018-01-22',NULL,NULL),(8563,4,'testTask','test','res',0,'',1001,'2018-01-22',NULL,NULL),(8564,1,'testTask','test','res',0,'',1002,'2018-01-22',NULL,NULL),(8565,2,'testTask','test','res',0,'',1000,'2018-01-22',NULL,NULL),(8566,4,'testTask','test','res',0,'',1000,'2018-01-22',NULL,NULL),(8567,1,'testTask','test','res',0,'',1001,'2018-01-22',NULL,NULL),(8568,2,'testTask','test','res',0,'',1001,'2018-01-22',NULL,NULL),(8569,4,'testTask','test','res',0,'',1000,'2018-01-22',NULL,NULL),(8570,1,'testTask','test','res',0,'',1001,'2018-01-22',NULL,NULL),(8571,2,'testTask','test','res',0,'',1000,'2018-01-22',NULL,NULL),(8572,4,'testTask','test','res',0,'',1000,'2018-01-22',NULL,NULL),(8573,1,'testTask','test','res',0,'',1000,'2018-01-22',NULL,NULL),(8574,2,'testTask','test','res',0,'',1000,'2018-01-22',NULL,NULL),(8575,4,'testTask','test','res',0,'',1000,'2018-01-22',NULL,NULL),(8576,1,'testTask','test','res',0,'',1001,'2018-01-22',NULL,NULL),(8577,2,'testTask','test','res',0,'',1001,'2018-01-22',NULL,NULL),(8578,4,'testTask','test','res',0,'',1001,'2018-01-22',NULL,NULL),(8579,1,'testTask','test','res',0,'',1001,'2018-01-22',NULL,NULL),(8580,2,'testTask','test','res',0,'',1000,'2018-01-22',NULL,NULL),(8581,4,'testTask','test','res',0,'',1000,'2018-01-22',NULL,NULL),(8582,1,'testTask','test','res',0,'',1000,'2018-01-22',NULL,NULL),(8583,2,'testTask','test','res',0,'',1001,'2018-01-22',NULL,NULL),(8584,4,'testTask','test','res',0,'',1001,'2018-01-22',NULL,NULL),(8585,1,'testTask','test','res',0,'',1000,'2018-01-22',NULL,NULL),(8586,2,'testTask','test','res',0,'',1001,'2018-01-22',NULL,NULL),(8587,4,'testTask','test','res',0,'',1000,'2018-01-22',NULL,NULL),(8588,1,'testTask','test','res',0,'',1000,'2018-01-22',NULL,NULL),(8589,2,'testTask','test','res',0,'',1000,'2018-01-22',NULL,NULL),(8590,4,'testTask','test','res',0,'',1001,'2018-01-22',NULL,NULL),(8591,1,'testTask','test','res',0,'',1001,'2018-01-22',NULL,NULL),(8592,2,'testTask','test','res',0,'',1001,'2018-01-22',NULL,NULL),(8593,4,'testTask','test','res',0,'',1001,'2018-01-22',NULL,NULL),(8594,1,'testTask','test','res',0,'',1000,'2018-01-22',NULL,NULL),(8595,2,'testTask','test','res',0,'',1003,'2018-01-22',NULL,NULL),(8596,4,'testTask','test','res',0,'',1002,'2018-01-22',NULL,NULL),(8597,1,'testTask','test','res',0,'',1001,'2018-01-22',NULL,NULL),(8598,2,'testTask','test','res',0,'',1000,'2018-01-22',NULL,NULL),(8599,4,'testTask','test','res',0,'',1001,'2018-01-22',NULL,NULL),(8600,1,'testTask','test','res',0,'',1002,'2018-01-22',NULL,NULL),(8601,2,'testTask','test','res',0,'',1001,'2018-01-22',NULL,NULL),(8602,4,'testTask','test','res',0,'',1000,'2018-01-22',NULL,NULL),(8603,1,'testTask','test','res',0,'',1001,'2018-01-22',NULL,NULL),(8604,2,'testTask','test','res',0,'',1000,'2018-01-22',NULL,NULL),(8605,4,'testTask','test','res',0,'',1000,'2018-01-22',NULL,NULL),(8606,1,'testTask','test','res',0,'',1003,'2018-01-22',NULL,NULL),(8607,2,'testTask','test','res',0,'',1001,'2018-01-22',NULL,NULL),(8608,4,'testTask','test','res',0,'',1000,'2018-01-22',NULL,NULL),(8609,1,'testTask','test','res',0,'',1000,'2018-01-22',NULL,NULL),(8610,2,'testTask','test','res',0,'',1005,'2018-01-22',NULL,NULL),(8611,4,'testTask','test','res',0,'',1007,'2018-01-22',NULL,NULL),(8612,1,'testTask','test','res',0,'',1001,'2018-01-22',NULL,NULL),(8613,2,'testTask','test','res',0,'',1001,'2018-01-22',NULL,NULL),(8614,4,'testTask','test','res',0,'',1001,'2018-01-22',NULL,NULL),(8615,1,'testTask','test','res',0,'',1002,'2018-01-22',NULL,NULL),(8616,2,'testTask','test','res',0,'',1001,'2018-01-22',NULL,NULL),(8617,4,'testTask','test','res',0,'',1001,'2018-01-22',NULL,NULL),(8618,1,'testTask','test','res',0,'',1001,'2018-01-22',NULL,NULL),(8619,2,'testTask','test','res',0,'',1000,'2018-01-22',NULL,NULL),(8620,4,'testTask','test','res',0,'',1001,'2018-01-22',NULL,NULL),(8621,1,'testTask','test','res',0,'',1001,'2018-01-22',NULL,NULL),(8622,2,'testTask','test','res',0,'',1001,'2018-01-22',NULL,NULL),(8623,4,'testTask','test','res',0,'',1000,'2018-01-22',NULL,NULL),(8624,1,'testTask','test','res',0,'',1001,'2018-01-22',NULL,NULL),(8625,2,'testTask','test','res',0,'',1001,'2018-01-22',NULL,NULL),(8626,4,'testTask','test','res',0,'',1000,'2018-01-22',NULL,NULL),(8627,1,'testTask','test','res',0,'',1000,'2018-01-22',NULL,NULL),(8628,2,'testTask','test','res',0,'',1001,'2018-01-22',NULL,NULL),(8629,4,'testTask','test','res',0,'',1001,'2018-01-22',NULL,NULL),(8630,1,'testTask','test','res',0,'',1001,'2018-01-22',NULL,NULL),(8631,2,'testTask','test','res',0,'',1000,'2018-01-22',NULL,NULL),(8632,4,'testTask','test','res',0,'',1001,'2018-01-22',NULL,NULL),(8633,1,'testTask','test','res',0,'',1001,'2018-01-22',NULL,NULL),(8634,2,'testTask','test','res',0,'',1000,'2018-01-22',NULL,NULL),(8635,4,'testTask','test','res',0,'',1000,'2018-01-22',NULL,NULL),(8636,1,'testTask','test','res',0,'',1003,'2018-01-22',NULL,NULL),(8637,2,'testTask','test','res',0,'',1006,'2018-01-22',NULL,NULL),(8638,4,'testTask','test','res',0,'',1005,'2018-01-22',NULL,NULL),(8639,1,'testTask','test','res',0,'',1001,'2018-01-22',NULL,NULL),(8640,2,'testTask','test','res',0,'',1001,'2018-01-22',NULL,NULL),(8641,4,'testTask','test','res',0,'',1000,'2018-01-22',NULL,NULL),(8642,1,'testTask','test','res',0,'',1001,'2018-01-22',NULL,NULL),(8643,2,'testTask','test','res',0,'',1002,'2018-01-22',NULL,NULL),(8644,4,'testTask','test','res',0,'',1001,'2018-01-22',NULL,NULL),(8645,1,'testTask','test','res',0,'',1001,'2018-01-22',NULL,NULL),(8646,2,'testTask','test','res',0,'',1000,'2018-01-22',NULL,NULL),(8647,4,'testTask','test','res',0,'',1000,'2018-01-22',NULL,NULL),(8648,1,'testTask','test','res',0,'',1002,'2018-01-22',NULL,NULL),(8649,2,'testTask','test','res',0,'',1001,'2018-01-22',NULL,NULL),(8650,4,'testTask','test','res',0,'',1001,'2018-01-22',NULL,NULL),(8651,1,'testTask','test','res',0,'',1001,'2018-01-22',NULL,NULL),(8652,2,'testTask','test','res',0,'',1000,'2018-01-22',NULL,NULL),(8653,4,'testTask','test','res',0,'',1001,'2018-01-22',NULL,NULL),(8654,1,'testTask','test','res',0,'',1001,'2018-01-22',NULL,NULL),(8655,2,'testTask','test','res',0,'',1001,'2018-01-22',NULL,NULL),(8656,4,'testTask','test','res',0,'',1002,'2018-01-22',NULL,NULL),(8657,1,'testTask','test','res',0,'',1000,'2018-01-22',NULL,NULL),(8658,2,'testTask','test','res',0,'',1001,'2018-01-22',NULL,NULL),(8659,4,'testTask','test','res',0,'',1000,'2018-01-22',NULL,NULL),(8660,1,'testTask','test','res',0,'',1001,'2018-01-22',NULL,NULL),(8661,2,'testTask','test','res',0,'',1000,'2018-01-22',NULL,NULL),(8662,4,'testTask','test','res',0,'',1000,'2018-01-22',NULL,NULL),(8663,1,'testTask','test','res',0,'',1002,'2018-01-22',NULL,NULL),(8664,2,'testTask','test','res',0,'',1004,'2018-01-22',NULL,NULL),(8665,4,'testTask','test','res',0,'',1000,'2018-01-22',NULL,NULL),(8666,1,'testTask','test','res',0,'',1001,'2018-01-22',NULL,NULL),(8667,2,'testTask','test','res',0,'',1001,'2018-01-22',NULL,NULL),(8668,4,'testTask','test','res',0,'',1000,'2018-01-22',NULL,NULL),(8669,1,'testTask','test','res',0,'',1001,'2018-01-22',NULL,NULL),(8670,2,'testTask','test','res',0,'',1002,'2018-01-22',NULL,NULL),(8671,4,'testTask','test','res',0,'',1002,'2018-01-22',NULL,NULL),(8672,1,'testTask','test','res',0,'',1001,'2018-01-22',NULL,NULL),(8673,2,'testTask','test','res',0,'',1000,'2018-01-22',NULL,NULL),(8674,4,'testTask','test','res',0,'',1001,'2018-01-22',NULL,NULL),(8675,1,'testTask','test','res',0,'',1001,'2018-01-22',NULL,NULL),(8676,2,'testTask','test','res',0,'',1001,'2018-01-22',NULL,NULL),(8677,4,'testTask','test','res',0,'',1001,'2018-01-22',NULL,NULL),(8678,1,'testTask','test','res',0,'',1001,'2018-01-22',NULL,NULL),(8679,2,'testTask','test','res',0,'',1000,'2018-01-22',NULL,NULL),(8680,4,'testTask','test','res',0,'',1000,'2018-01-22',NULL,NULL),(8681,1,'testTask','test','res',0,'',1001,'2018-01-22',NULL,NULL),(8682,2,'testTask','test','res',0,'',1001,'2018-01-22',NULL,NULL),(8683,4,'testTask','test','res',0,'',1000,'2018-01-22',NULL,NULL),(8684,1,'testTask','test','res',0,'',1001,'2018-01-22',NULL,NULL),(8685,4,'testTask','test','res',0,'',1000,'2018-01-22',NULL,NULL),(8686,2,'testTask','test','res',0,'',1006,'2018-01-22',NULL,NULL),(8687,1,'testTask','test','res',0,'',1000,'2018-01-22',NULL,NULL),(8688,2,'testTask','test','res',0,'',1000,'2018-01-22',NULL,NULL),(8689,4,'testTask','test','res',0,'',1000,'2018-01-22',NULL,NULL),(8690,1,'testTask','test','res',0,'',1002,'2018-01-22',NULL,NULL),(8691,2,'testTask','test','res',0,'',1001,'2018-01-22',NULL,NULL),(8692,4,'testTask','test','res',0,'',1005,'2018-01-22',NULL,NULL),(8693,1,'testTask','test','res',0,'',1000,'2018-01-22',NULL,NULL),(8694,2,'testTask','test','res',0,'',1001,'2018-01-22',NULL,NULL),(8695,4,'testTask','test','res',0,'',1000,'2018-01-22',NULL,NULL),(8696,1,'testTask','test','res',0,'',1001,'2018-01-22',NULL,NULL),(8697,2,'testTask','test','res',0,'',1001,'2018-01-22',NULL,NULL),(8698,4,'testTask','test','res',0,'',1000,'2018-01-22',NULL,NULL),(8699,1,'testTask','test','res',0,'',1000,'2018-01-22',NULL,NULL),(8700,2,'testTask','test','res',0,'',1001,'2018-01-22',NULL,NULL),(8701,4,'testTask','test','res',0,'',1000,'2018-01-22',NULL,NULL),(8702,1,'testTask','test','res',0,'',1001,'2018-01-22',NULL,NULL),(8703,2,'testTask','test','res',0,'',1001,'2018-01-22',NULL,NULL),(8704,4,'testTask','test','res',0,'',1001,'2018-01-22',NULL,NULL),(8705,1,'testTask','test','res',0,'',1001,'2018-01-22',NULL,NULL),(8706,2,'testTask','test','res',0,'',1000,'2018-01-22',NULL,NULL),(8707,4,'testTask','test','res',0,'',1000,'2018-01-22',NULL,NULL),(8708,1,'testTask','test','res',0,'',1003,'2018-01-22',NULL,NULL),(8709,2,'testTask','test','res',0,'',1007,'2018-01-22',NULL,NULL),(8710,4,'testTask','test','res',0,'',1004,'2018-01-22',NULL,NULL),(8711,1,'testTask','test','res',0,'',1001,'2018-01-22',NULL,NULL),(8712,2,'testTask','test','res',0,'',1000,'2018-01-22',NULL,NULL),(8713,4,'testTask','test','res',0,'',1000,'2018-01-22',NULL,NULL),(8714,1,'testTask','test','res',0,'',1001,'2018-01-22',NULL,NULL),(8715,2,'testTask','test','res',0,'',1001,'2018-01-22',NULL,NULL),(8716,4,'testTask','test','res',0,'',1001,'2018-01-22',NULL,NULL),(8717,2,'testTask','test','res',0,'',1004,'2018-01-22',NULL,NULL),(8718,1,'testTask','test','res',0,'',1010,'2018-01-22',NULL,NULL),(8719,4,'testTask','test','res',0,'',1007,'2018-01-22',NULL,NULL),(8720,1,'testTask','test','res',0,'',1001,'2018-01-22',NULL,NULL),(8721,2,'testTask','test','res',0,'',1001,'2018-01-22',NULL,NULL),(8722,4,'testTask','test','res',0,'',1001,'2018-01-22',NULL,NULL),(8723,1,'testTask','test','res',0,'',1001,'2018-01-22',NULL,NULL),(8724,2,'testTask','test','res',0,'',1001,'2018-01-22',NULL,NULL),(8725,4,'testTask','test','res',0,'',1001,'2018-01-22',NULL,NULL),(8726,1,'testTask','test','res',0,'',1001,'2018-01-22',NULL,NULL),(8727,2,'testTask','test','res',0,'',1005,'2018-01-22',NULL,NULL),(8728,4,'testTask','test','res',0,'',1007,'2018-01-22',NULL,NULL),(8729,1,'testTask','test','res',0,'',1000,'2018-01-22',NULL,NULL),(8730,2,'testTask','test','res',0,'',1000,'2018-01-22',NULL,NULL),(8731,4,'testTask','test','res',0,'',1001,'2018-01-22',NULL,NULL),(8732,1,'testTask','test','res',0,'',1000,'2018-01-22',NULL,NULL),(8733,2,'testTask','test','res',0,'',1000,'2018-01-22',NULL,NULL),(8734,4,'testTask','test','res',0,'',1009,'2018-01-22',NULL,NULL),(8735,1,'testTask','test','res',0,'',1001,'2018-01-22',NULL,NULL),(8736,2,'testTask','test','res',0,'',1001,'2018-01-22',NULL,NULL),(8737,4,'testTask','test','res',0,'',1000,'2018-01-22',NULL,NULL),(8738,1,'testTask','test','res',0,'',1001,'2018-01-22',NULL,NULL),(8739,2,'testTask','test','res',0,'',1000,'2018-01-22',NULL,NULL),(8740,4,'testTask','test','res',0,'',1000,'2018-01-22',NULL,NULL),(8741,1,'testTask','test','res',0,'',1001,'2018-01-22',NULL,NULL),(8742,2,'testTask','test','res',0,'',1000,'2018-01-22',NULL,NULL),(8743,4,'testTask','test','res',0,'',1000,'2018-01-22',NULL,NULL),(8744,1,'testTask','test','res',0,'',1000,'2018-01-22',NULL,NULL),(8745,2,'testTask','test','res',0,'',1000,'2018-01-22',NULL,NULL),(8746,4,'testTask','test','res',0,'',1000,'2018-01-22',NULL,NULL),(8747,1,'testTask','test','res',0,'',1000,'2018-01-22',NULL,NULL),(8748,2,'testTask','test','res',0,'',1001,'2018-01-22',NULL,NULL),(8749,4,'testTask','test','res',0,'',1000,'2018-01-22',NULL,NULL),(8750,2,'testTask','test','res',0,'',1005,'2018-01-22',NULL,NULL),(8751,1,'testTask','test','res',0,'',1005,'2018-01-22',NULL,NULL),(8752,4,'testTask','test','res',0,'',1005,'2018-01-22',NULL,NULL),(8753,1,'testTask','test','res',0,'',1001,'2018-01-22',NULL,NULL),(8754,2,'testTask','test','res',0,'',1000,'2018-01-22',NULL,NULL),(8755,4,'testTask','test','res',0,'',1000,'2018-01-22',NULL,NULL),(8756,1,'testTask','test','res',0,'',1002,'2018-01-22',NULL,NULL),(8757,2,'testTask','test','res',0,'',1001,'2018-01-22',NULL,NULL),(8758,4,'testTask','test','res',0,'',1000,'2018-01-22',NULL,NULL),(8759,1,'testTask','test','res',0,'',1001,'2018-01-22',NULL,NULL),(8760,2,'testTask','test','res',0,'',1001,'2018-01-22',NULL,NULL),(8761,4,'testTask','test','res',0,'',1001,'2018-01-22',NULL,NULL),(8762,1,'testTask','test','res',0,'',1000,'2018-01-22',NULL,NULL),(8763,2,'testTask','test','res',0,'',1000,'2018-01-22',NULL,NULL),(8764,4,'testTask','test','res',0,'',1000,'2018-01-22',NULL,NULL),(8765,1,'testTask','test','res',0,'',1001,'2018-01-22',NULL,NULL),(8766,2,'testTask','test','res',0,'',1002,'2018-01-22',NULL,NULL),(8767,4,'testTask','test','res',0,'',1006,'2018-01-22',NULL,NULL),(8768,1,'testTask','test','res',0,'',1001,'2018-01-22',NULL,NULL),(8769,2,'testTask','test','res',0,'',1000,'2018-01-22',NULL,NULL),(8770,4,'testTask','test','res',0,'',1000,'2018-01-22',NULL,NULL),(8771,1,'testTask','test','res',0,'',1000,'2018-01-22',NULL,NULL),(8772,2,'testTask','test','res',0,'',1001,'2018-01-22',NULL,NULL),(8773,4,'testTask','test','res',0,'',1000,'2018-01-22',NULL,NULL),(8774,1,'testTask','test','res',0,'',1001,'2018-01-22',NULL,NULL),(8775,2,'testTask','test','res',0,'',1001,'2018-01-22',NULL,NULL),(8776,4,'testTask','test','res',0,'',1001,'2018-01-22',NULL,NULL),(8777,1,'testTask','test','res',0,'',1000,'2018-01-22',NULL,NULL),(8778,2,'testTask','test','res',0,'',1000,'2018-01-22',NULL,NULL),(8779,4,'testTask','test','res',0,'',1000,'2018-01-22',NULL,NULL),(8780,1,'testTask','test','res',0,'',1001,'2018-01-22',NULL,NULL),(8781,2,'testTask','test','res',0,'',1000,'2018-01-22',NULL,NULL),(8782,4,'testTask','test','res',0,'',1000,'2018-01-22',NULL,NULL),(8783,1,'testTask','test','res',0,'',1001,'2018-01-22',NULL,NULL),(8784,2,'testTask','test','res',0,'',1000,'2018-01-22',NULL,NULL),(8785,4,'testTask','test','res',0,'',1001,'2018-01-22',NULL,NULL),(8786,1,'testTask','test','res',0,'',1001,'2018-01-22',NULL,NULL),(8787,2,'testTask','test','res',0,'',1000,'2018-01-22',NULL,NULL),(8788,4,'testTask','test','res',0,'',1001,'2018-01-22',NULL,NULL),(8789,1,'testTask','test','res',0,'',1000,'2018-01-22',NULL,NULL),(8790,2,'testTask','test','res',0,'',1001,'2018-01-22',NULL,NULL),(8791,4,'testTask','test','res',0,'',1000,'2018-01-22',NULL,NULL),(8792,1,'testTask','test','res',0,'',1000,'2018-01-22',NULL,NULL),(8793,2,'testTask','test','res',0,'',1001,'2018-01-22',NULL,NULL),(8794,4,'testTask','test','res',0,'',1001,'2018-01-22',NULL,NULL),(8795,1,'testTask','test','res',0,'',1000,'2018-01-22',NULL,NULL),(8796,2,'testTask','test','res',0,'',1001,'2018-01-22',NULL,NULL),(8797,4,'testTask','test','res',0,'',1001,'2018-01-22',NULL,NULL),(8798,1,'testTask','test','res',0,'',1002,'2018-01-22',NULL,NULL),(8799,2,'testTask','test','res',0,'',1001,'2018-01-22',NULL,NULL),(8800,4,'testTask','test','res',0,'',1001,'2018-01-22',NULL,NULL),(8801,1,'testTask','test','res',0,'',1001,'2018-01-22',NULL,NULL),(8802,2,'testTask','test','res',0,'',1001,'2018-01-22',NULL,NULL),(8803,4,'testTask','test','res',0,'',1000,'2018-01-22',NULL,NULL),(8804,1,'testTask','test','res',0,'',1000,'2018-01-22',NULL,NULL),(8805,2,'testTask','test','res',0,'',1000,'2018-01-22',NULL,NULL),(8806,4,'testTask','test','res',0,'',1001,'2018-01-22',NULL,NULL),(8807,1,'testTask','test','res',0,'',1001,'2018-01-22',NULL,NULL),(8808,2,'testTask','test','res',0,'',1001,'2018-01-22',NULL,NULL),(8809,4,'testTask','test','res',0,'',1000,'2018-01-22',NULL,NULL),(8810,1,'testTask','test','res',0,'',1001,'2018-01-22',NULL,NULL),(8811,2,'testTask','test','res',0,'',1000,'2018-01-22',NULL,NULL),(8812,4,'testTask','test','res',0,'',1001,'2018-01-22',NULL,NULL),(8813,1,'testTask','test','res',0,'',1000,'2018-01-22',NULL,NULL),(8814,2,'testTask','test','res',0,'',1001,'2018-01-22',NULL,NULL),(8815,4,'testTask','test','res',0,'',1000,'2018-01-22',NULL,NULL),(8816,1,'testTask','test','res',0,'',1001,'2018-01-22',NULL,NULL),(8817,2,'testTask','test','res',0,'',1001,'2018-01-22',NULL,NULL),(8818,4,'testTask','test','res',0,'',1000,'2018-01-22',NULL,NULL),(8819,1,'testTask','test','res',0,'',1001,'2018-01-22',NULL,NULL),(8820,2,'testTask','test','res',0,'',1001,'2018-01-22',NULL,NULL),(8821,4,'testTask','test','res',0,'',1000,'2018-01-22',NULL,NULL),(8822,1,'testTask','test','res',0,'',1000,'2018-01-22',NULL,NULL),(8823,2,'testTask','test','res',0,'',1000,'2018-01-22',NULL,NULL),(8824,4,'testTask','test','res',0,'',1000,'2018-01-22',NULL,NULL),(8825,1,'testTask','test','res',0,'',1002,'2018-01-22',NULL,NULL),(8826,2,'testTask','test','res',0,'',1000,'2018-01-22',NULL,NULL),(8827,4,'testTask','test','res',0,'',1002,'2018-01-22',NULL,NULL),(8828,1,'testTask','test','res',0,'',1000,'2018-01-22',NULL,NULL),(8829,2,'testTask','test','res',0,'',1001,'2018-01-22',NULL,NULL),(8830,4,'testTask','test','res',0,'',1001,'2018-01-22',NULL,NULL),(8831,1,'testTask','test','res',0,'',1001,'2018-01-22',NULL,NULL),(8832,2,'testTask','test','res',0,'',1000,'2018-01-22',NULL,NULL),(8833,4,'testTask','test','res',0,'',1001,'2018-01-22',NULL,NULL),(8834,1,'testTask','test','res',0,'',1000,'2018-01-22',NULL,NULL),(8835,2,'testTask','test','res',0,'',1001,'2018-01-22',NULL,NULL),(8836,4,'testTask','test','res',0,'',1001,'2018-01-22',NULL,NULL),(8837,1,'testTask','test','res',0,'',1000,'2018-01-22',NULL,NULL),(8838,2,'testTask','test','res',0,'',1000,'2018-01-22',NULL,NULL),(8839,4,'testTask','test','res',0,'',1001,'2018-01-22',NULL,NULL),(8840,1,'testTask','test','res',0,'',1001,'2018-01-22',NULL,NULL),(8841,2,'testTask','test','res',0,'',1000,'2018-01-22',NULL,NULL),(8842,4,'testTask','test','res',0,'',1001,'2018-01-22',NULL,NULL),(8843,1,'testTask','test','res',0,'',1000,'2018-01-22',NULL,NULL),(8844,2,'testTask','test','res',0,'',1000,'2018-01-22',NULL,NULL),(8845,4,'testTask','test','res',0,'',1001,'2018-01-22',NULL,NULL),(8846,1,'testTask','test','res',0,'',1001,'2018-01-22',NULL,NULL),(8847,2,'testTask','test','res',0,'',1000,'2018-01-22',NULL,NULL),(8848,4,'testTask','test','res',0,'',1000,'2018-01-22',NULL,NULL),(8849,1,'testTask','test','res',0,'',1000,'2018-01-22',NULL,NULL),(8850,2,'testTask','test','res',0,'',1000,'2018-01-22',NULL,NULL),(8851,4,'testTask','test','res',0,'',1000,'2018-01-22',NULL,NULL),(8852,1,'testTask','test','res',0,'',1000,'2018-01-22',NULL,NULL),(8853,2,'testTask','test','res',0,'',1001,'2018-01-22',NULL,NULL),(8854,4,'testTask','test','res',0,'',1001,'2018-01-22',NULL,NULL),(8855,1,'testTask','test','res',0,'',1000,'2018-01-22',NULL,NULL),(8856,2,'testTask','test','res',0,'',1000,'2018-01-22',NULL,NULL),(8857,4,'testTask','test','res',0,'',1001,'2018-01-22',NULL,NULL),(8858,1,'testTask','test','res',0,'',1001,'2018-01-22',NULL,NULL),(8859,2,'testTask','test','res',0,'',1000,'2018-01-22',NULL,NULL),(8860,4,'testTask','test','res',0,'',1001,'2018-01-22',NULL,NULL),(8861,1,'testTask','test','res',0,'',1001,'2018-01-22',NULL,NULL),(8862,2,'testTask','test','res',0,'',1001,'2018-01-22',NULL,NULL),(8863,4,'testTask','test','res',0,'',1001,'2018-01-22',NULL,NULL),(8864,1,'testTask','test','res',0,'',1001,'2018-01-22',NULL,NULL),(8865,2,'testTask','test','res',0,'',1001,'2018-01-22',NULL,NULL),(8866,4,'testTask','test','res',0,'',1001,'2018-01-22',NULL,NULL),(8867,1,'testTask','test','res',0,'',1001,'2018-01-22',NULL,NULL),(8868,2,'testTask','test','res',0,'',1000,'2018-01-22',NULL,NULL),(8869,4,'testTask','test','res',0,'',1002,'2018-01-22',NULL,NULL),(8870,1,'testTask','test','res',0,'',1003,'2018-01-22',NULL,NULL),(8871,2,'testTask','test','res',0,'',1002,'2018-01-22',NULL,NULL),(8872,4,'testTask','test','res',0,'',1000,'2018-01-22',NULL,NULL),(8873,1,'testTask','test','res',0,'',1000,'2018-01-22',NULL,NULL),(8874,2,'testTask','test','res',0,'',1001,'2018-01-22',NULL,NULL),(8875,4,'testTask','test','res',0,'',1000,'2018-01-22',NULL,NULL),(8876,1,'testTask','test','res',0,'',1001,'2018-01-22',NULL,NULL),(8877,2,'testTask','test','res',0,'',1000,'2018-01-22',NULL,NULL),(8878,4,'testTask','test','res',0,'',1000,'2018-01-22',NULL,NULL),(8879,1,'testTask','test','res',0,'',1001,'2018-01-22',NULL,NULL),(8880,2,'testTask','test','res',0,'',1001,'2018-01-22',NULL,NULL),(8881,4,'testTask','test','res',0,'',1001,'2018-01-22',NULL,NULL),(8882,1,'testTask','test','res',0,'',1001,'2018-01-22',NULL,NULL),(8883,2,'testTask','test','res',0,'',1000,'2018-01-22',NULL,NULL),(8884,4,'testTask','test','res',0,'',1001,'2018-01-22',NULL,NULL),(8885,1,'testTask','test','res',0,'',1001,'2018-01-22',NULL,NULL),(8886,2,'testTask','test','res',0,'',1001,'2018-01-22',NULL,NULL),(8887,4,'testTask','test','res',0,'',1002,'2018-01-22',NULL,NULL),(8888,1,'testTask','test','res',0,'',1001,'2018-01-22',NULL,NULL),(8889,2,'testTask','test','res',0,'',1000,'2018-01-22',NULL,NULL),(8890,4,'testTask','test','res',0,'',1001,'2018-01-22',NULL,NULL),(8891,1,'testTask','test','res',0,'',1001,'2018-01-22',NULL,NULL),(8892,2,'testTask','test','res',0,'',1000,'2018-01-22',NULL,NULL),(8893,4,'testTask','test','res',0,'',1000,'2018-01-22',NULL,NULL),(8894,1,'testTask','test','res',0,'',1001,'2018-01-22',NULL,NULL),(8895,2,'testTask','test','res',0,'',1000,'2018-01-22',NULL,NULL),(8896,4,'testTask','test','res',0,'',1001,'2018-01-22',NULL,NULL),(8897,1,'testTask','test','res',0,'',1000,'2018-01-22',NULL,NULL),(8898,2,'testTask','test','res',0,'',1000,'2018-01-22',NULL,NULL),(8899,4,'testTask','test','res',0,'',1001,'2018-01-22',NULL,NULL),(8900,1,'testTask','test','res',0,'',1002,'2018-01-22',NULL,NULL),(8901,2,'testTask','test','res',0,'',1001,'2018-01-22',NULL,NULL),(8902,4,'testTask','test','res',0,'',1000,'2018-01-22',NULL,NULL),(8903,1,'testTask','test','res',0,'',1000,'2018-01-22',NULL,NULL),(8904,2,'testTask','test','res',0,'',1000,'2018-01-22',NULL,NULL),(8905,4,'testTask','test','res',0,'',1000,'2018-01-22',NULL,NULL),(8906,1,'testTask','test','res',0,'',1002,'2018-01-22',NULL,NULL),(8907,2,'testTask','test','res',0,'',1001,'2018-01-22',NULL,NULL),(8908,4,'testTask','test','res',0,'',1002,'2018-01-22',NULL,NULL),(8909,1,'testTask','test','res',0,'',1001,'2018-01-22',NULL,NULL),(8910,2,'testTask','test','res',0,'',1000,'2018-01-22',NULL,NULL),(8911,4,'testTask','test','res',0,'',1001,'2018-01-22',NULL,NULL),(8912,1,'testTask','test','res',0,'',1000,'2018-01-22',NULL,NULL),(8913,2,'testTask','test','res',0,'',1001,'2018-01-22',NULL,NULL),(8914,4,'testTask','test','res',0,'',1001,'2018-01-22',NULL,NULL),(8915,1,'testTask','test','res',0,'',1001,'2018-01-22',NULL,NULL),(8916,2,'testTask','test','res',0,'',1001,'2018-01-22',NULL,NULL),(8917,4,'testTask','test','res',0,'',1000,'2018-01-22',NULL,NULL),(8918,1,'testTask','test','res',0,'',1000,'2018-01-22',NULL,NULL),(8919,2,'testTask','test','res',0,'',1001,'2018-01-22',NULL,NULL),(8920,4,'testTask','test','res',0,'',1000,'2018-01-22',NULL,NULL),(8921,1,'testTask','test','res',0,'',1000,'2018-01-22',NULL,NULL),(8922,2,'testTask','test','res',0,'',1000,'2018-01-22',NULL,NULL),(8923,4,'testTask','test','res',0,'',1001,'2018-01-22',NULL,NULL),(8924,1,'testTask','test','res',0,'',1000,'2018-01-22',NULL,NULL),(8925,2,'testTask','test','res',0,'',1000,'2018-01-22',NULL,NULL),(8926,4,'testTask','test','res',0,'',1001,'2018-01-22',NULL,NULL),(8927,1,'testTask','test','res',0,'',1001,'2018-01-22',NULL,NULL),(8928,2,'testTask','test','res',0,'',1000,'2018-01-22',NULL,NULL),(8929,4,'testTask','test','res',0,'',1000,'2018-01-22',NULL,NULL),(8930,1,'testTask','test','res',0,'',1002,'2018-01-22',NULL,NULL),(8931,2,'testTask','test','res',0,'',1000,'2018-01-22',NULL,NULL),(8932,4,'testTask','test','res',0,'',1001,'2018-01-22',NULL,NULL),(8933,1,'testTask','test','res',0,'',1000,'2018-01-22',NULL,NULL),(8934,2,'testTask','test','res',0,'',1000,'2018-01-22',NULL,NULL),(8935,4,'testTask','test','res',0,'',1000,'2018-01-22',NULL,NULL),(8936,1,'testTask','test','res',0,'',1001,'2018-01-22',NULL,NULL),(8937,2,'testTask','test','res',0,'',1001,'2018-01-22',NULL,NULL),(8938,4,'testTask','test','res',0,'',1000,'2018-01-22',NULL,NULL),(8939,1,'testTask','test','res',0,'',1000,'2018-01-22',NULL,NULL),(8940,2,'testTask','test','res',0,'',1000,'2018-01-22',NULL,NULL),(8941,4,'testTask','test','res',0,'',1001,'2018-01-22',NULL,NULL),(8942,1,'testTask','test','res',0,'',1000,'2018-01-22',NULL,NULL),(8943,2,'testTask','test','res',0,'',1001,'2018-01-22',NULL,NULL),(8944,4,'testTask','test','res',0,'',1000,'2018-01-22',NULL,NULL),(8945,1,'testTask','test','res',0,'',1000,'2018-01-22',NULL,NULL),(8946,2,'testTask','test','res',0,'',1000,'2018-01-22',NULL,NULL),(8947,4,'testTask','test','res',0,'',1000,'2018-01-22',NULL,NULL),(8948,1,'testTask','test','res',0,'',1000,'2018-01-22',NULL,NULL),(8949,2,'testTask','test','res',0,'',1003,'2018-01-22',NULL,NULL),(8950,4,'testTask','test','res',0,'',1001,'2018-01-22',NULL,NULL),(8951,1,'testTask','test','res',0,'',1002,'2018-01-22',NULL,NULL),(8952,2,'testTask','test','res',0,'',1001,'2018-01-22',NULL,NULL),(8953,4,'testTask','test','res',0,'',1001,'2018-01-22',NULL,NULL),(8954,1,'testTask','test','res',0,'',1001,'2018-01-22',NULL,NULL),(8955,2,'testTask','test','res',0,'',1000,'2018-01-22',NULL,NULL),(8956,4,'testTask','test','res',0,'',1000,'2018-01-22',NULL,NULL),(8957,1,'testTask','test','res',0,'',1001,'2018-01-22',NULL,NULL),(8958,2,'testTask','test','res',0,'',1001,'2018-01-22',NULL,NULL),(8959,4,'testTask','test','res',0,'',1001,'2018-01-22',NULL,NULL),(8960,1,'testTask','test','res',0,'',1000,'2018-01-22',NULL,NULL),(8961,2,'testTask','test','res',0,'',1000,'2018-01-22',NULL,NULL),(8962,4,'testTask','test','res',0,'',1000,'2018-01-22',NULL,NULL),(8963,1,'testTask','test','res',0,'',1000,'2018-01-22',NULL,NULL),(8964,2,'testTask','test','res',0,'',1001,'2018-01-22',NULL,NULL),(8965,4,'testTask','test','res',0,'',1001,'2018-01-22',NULL,NULL),(8966,1,'testTask','test','res',0,'',1001,'2018-01-22',NULL,NULL),(8967,2,'testTask','test','res',0,'',1001,'2018-01-22',NULL,NULL),(8968,4,'testTask','test','res',0,'',1000,'2018-01-22',NULL,NULL),(8969,1,'testTask','test','res',0,'',1000,'2018-01-22',NULL,NULL),(8970,2,'testTask','test','res',0,'',1000,'2018-01-22',NULL,NULL),(8971,4,'testTask','test','res',0,'',1000,'2018-01-22',NULL,NULL),(8972,1,'testTask','test','res',0,'',1001,'2018-01-22',NULL,NULL),(8973,2,'testTask','test','res',0,'',1005,'2018-01-22',NULL,NULL),(8974,4,'testTask','test','res',0,'',1001,'2018-01-22',NULL,NULL),(8975,1,'testTask','test','res',0,'',1001,'2018-01-22',NULL,NULL),(8976,2,'testTask','test','res',0,'',1000,'2018-01-22',NULL,NULL),(8977,4,'testTask','test','res',0,'',1000,'2018-01-22',NULL,NULL),(8978,1,'testTask','test','res',0,'',1001,'2018-01-22',NULL,NULL),(8979,2,'testTask','test','res',0,'',1001,'2018-01-22',NULL,NULL),(8980,4,'testTask','test','res',0,'',1000,'2018-01-22',NULL,NULL),(8981,1,'testTask','test','res',0,'',1001,'2018-01-22',NULL,NULL),(8982,2,'testTask','test','res',0,'',1001,'2018-01-22',NULL,NULL),(8983,4,'testTask','test','res',0,'',1000,'2018-01-22',NULL,NULL),(8984,1,'testTask','test','res',0,'',1001,'2018-01-22',NULL,NULL),(8985,2,'testTask','test','res',0,'',1001,'2018-01-22',NULL,NULL),(8986,4,'testTask','test','res',0,'',1001,'2018-01-22',NULL,NULL),(8987,1,'testTask','test','res',0,'',1001,'2018-01-22',NULL,NULL),(8988,2,'testTask','test','res',0,'',1000,'2018-01-22',NULL,NULL),(8989,4,'testTask','test','res',0,'',1000,'2018-01-22',NULL,NULL),(8990,1,'testTask','test','res',0,'',1001,'2018-01-22',NULL,NULL),(8991,2,'testTask','test','res',0,'',1001,'2018-01-22',NULL,NULL),(8992,4,'testTask','test','res',0,'',1001,'2018-01-22',NULL,NULL),(8993,1,'testTask','test','res',0,'',1001,'2018-01-22',NULL,NULL),(8994,2,'testTask','test','res',0,'',1001,'2018-01-22',NULL,NULL),(8995,4,'testTask','test','res',0,'',1000,'2018-01-22',NULL,NULL),(8996,1,'testTask','test','res',0,'',1002,'2018-01-22',NULL,NULL),(8997,2,'testTask','test','res',0,'',1000,'2018-01-22',NULL,NULL),(8998,4,'testTask','test','res',0,'',1000,'2018-01-22',NULL,NULL),(8999,1,'testTask','test','res',0,'',1002,'2018-01-22',NULL,NULL),(9000,2,'testTask','test','res',0,'',1001,'2018-01-22',NULL,NULL),(9001,4,'testTask','test','res',0,'',1000,'2018-01-22',NULL,NULL),(9002,1,'testTask','test','res',0,'',1000,'2018-01-22',NULL,NULL),(9003,2,'testTask','test','res',0,'',1000,'2018-01-22',NULL,NULL),(9004,4,'testTask','test','res',0,'',1001,'2018-01-22',NULL,NULL),(9005,1,'testTask','test','res',0,'',1000,'2018-01-22',NULL,NULL),(9006,2,'testTask','test','res',0,'',1001,'2018-01-22',NULL,NULL),(9007,4,'testTask','test','res',0,'',1000,'2018-01-22',NULL,NULL),(9008,1,'testTask','test','res',0,'',1001,'2018-01-22',NULL,NULL),(9009,2,'testTask','test','res',0,'',1000,'2018-01-22',NULL,NULL),(9010,4,'testTask','test','res',0,'',1000,'2018-01-22',NULL,NULL),(9011,1,'testTask','test','res',0,'',1001,'2018-01-22',NULL,NULL),(9012,2,'testTask','test','res',0,'',1001,'2018-01-22',NULL,NULL),(9013,4,'testTask','test','res',0,'',1001,'2018-01-22',NULL,NULL),(9014,1,'testTask','test','res',0,'',1000,'2018-01-22',NULL,NULL),(9015,2,'testTask','test','res',0,'',1001,'2018-01-22',NULL,NULL),(9016,4,'testTask','test','res',0,'',1001,'2018-01-22',NULL,NULL),(9017,1,'testTask','test','res',0,'',1001,'2018-01-22',NULL,NULL),(9018,2,'testTask','test','res',0,'',1001,'2018-01-22',NULL,NULL),(9019,4,'testTask','test','res',0,'',1002,'2018-01-22',NULL,NULL),(9020,1,'testTask','test','res',0,'',1001,'2018-01-22',NULL,NULL),(9021,2,'testTask','test','res',0,'',1001,'2018-01-22',NULL,NULL),(9022,4,'testTask','test','res',0,'',1001,'2018-01-22',NULL,NULL),(9023,1,'testTask','test','res',0,'',1001,'2018-01-22',NULL,NULL),(9024,2,'testTask','test','res',0,'',1001,'2018-01-22',NULL,NULL),(9025,4,'testTask','test','res',0,'',1001,'2018-01-22',NULL,NULL),(9026,1,'testTask','test','res',0,'',1001,'2018-01-22',NULL,NULL),(9027,2,'testTask','test','res',0,'',1001,'2018-01-22',NULL,NULL),(9028,4,'testTask','test','res',0,'',1001,'2018-01-22',NULL,NULL),(9029,1,'testTask','test','res',0,'',1001,'2018-01-22',NULL,NULL),(9030,2,'testTask','test','res',0,'',1000,'2018-01-22',NULL,NULL),(9031,4,'testTask','test','res',0,'',1001,'2018-01-22',NULL,NULL),(9032,1,'testTask','test','res',0,'',1001,'2018-01-22',NULL,NULL),(9033,2,'testTask','test','res',0,'',1001,'2018-01-22',NULL,NULL),(9034,4,'testTask','test','res',0,'',1001,'2018-01-22',NULL,NULL),(9035,1,'testTask','test','res',0,'',1001,'2018-01-22',NULL,NULL),(9036,2,'testTask','test','res',0,'',1000,'2018-01-22',NULL,NULL),(9037,4,'testTask','test','res',0,'',1000,'2018-01-22',NULL,NULL),(9038,1,'testTask','test','res',0,'',1000,'2018-01-22',NULL,NULL),(9039,2,'testTask','test','res',0,'',1001,'2018-01-22',NULL,NULL),(9040,4,'testTask','test','res',0,'',1001,'2018-01-22',NULL,NULL),(9041,1,'testTask','test','res',0,'',1001,'2018-01-22',NULL,NULL),(9042,2,'testTask','test','res',0,'',1001,'2018-01-22',NULL,NULL),(9043,4,'testTask','test','res',0,'',1001,'2018-01-22',NULL,NULL),(9044,1,'testTask','test','res',0,'',1005,'2018-01-22',NULL,NULL),(9045,2,'testTask','test','res',0,'',1001,'2018-01-22',NULL,NULL),(9046,4,'testTask','test','res',0,'',1000,'2018-01-22',NULL,NULL),(9047,1,'testTask','test','res',0,'',1001,'2018-01-22',NULL,NULL),(9048,2,'testTask','test','res',0,'',1001,'2018-01-22',NULL,NULL),(9049,4,'testTask','test','res',0,'',1000,'2018-01-22',NULL,NULL),(9050,1,'testTask','test','res',0,'',1001,'2018-01-22',NULL,NULL),(9051,2,'testTask','test','res',0,'',1000,'2018-01-22',NULL,NULL),(9052,4,'testTask','test','res',0,'',1000,'2018-01-22',NULL,NULL),(9053,1,'testTask','test','res',0,'',1000,'2018-01-22',NULL,NULL),(9054,2,'testTask','test','res',0,'',1001,'2018-01-22',NULL,NULL),(9055,4,'testTask','test','res',0,'',1001,'2018-01-22',NULL,NULL),(9056,1,'testTask','test','res',0,'',1000,'2018-01-22',NULL,NULL),(9057,2,'testTask','test','res',0,'',1001,'2018-01-22',NULL,NULL),(9058,4,'testTask','test','res',0,'',1000,'2018-01-22',NULL,NULL),(9059,1,'testTask','test','res',0,'',1000,'2018-01-22',NULL,NULL),(9060,2,'testTask','test','res',0,'',1001,'2018-01-22',NULL,NULL),(9061,4,'testTask','test','res',0,'',1000,'2018-01-22',NULL,NULL),(9062,1,'testTask','test','res',0,'',1002,'2018-01-22',NULL,NULL),(9063,2,'testTask','test','res',0,'',1001,'2018-01-22',NULL,NULL),(9064,4,'testTask','test','res',0,'',1001,'2018-01-22',NULL,NULL),(9065,1,'testTask','test','res',0,'',1001,'2018-01-22',NULL,NULL),(9066,2,'testTask','test','res',0,'',1001,'2018-01-22',NULL,NULL),(9067,4,'testTask','test','res',0,'',1001,'2018-01-22',NULL,NULL),(9068,1,'testTask','test','res',0,'',1001,'2018-01-22',NULL,NULL),(9069,2,'testTask','test','res',0,'',1000,'2018-01-22',NULL,NULL),(9070,4,'testTask','test','res',0,'',1000,'2018-01-22',NULL,NULL),(9071,1,'testTask','test','res',0,'',1001,'2018-01-22',NULL,NULL),(9072,2,'testTask','test','res',0,'',1001,'2018-01-22',NULL,NULL),(9073,4,'testTask','test','res',0,'',1000,'2018-01-22',NULL,NULL),(9074,1,'testTask','test','res',0,'',1001,'2018-01-22',NULL,NULL),(9075,2,'testTask','test','res',0,'',1001,'2018-01-22',NULL,NULL),(9076,4,'testTask','test','res',0,'',1000,'2018-01-22',NULL,NULL),(9077,1,'testTask','test','res',0,'',1001,'2018-01-22',NULL,NULL),(9078,2,'testTask','test','res',0,'',1000,'2018-01-22',NULL,NULL),(9079,4,'testTask','test','res',0,'',1001,'2018-01-22',NULL,NULL),(9080,1,'testTask','test','res',0,'',1001,'2018-01-22',NULL,NULL),(9081,2,'testTask','test','res',0,'',1001,'2018-01-22',NULL,NULL),(9082,4,'testTask','test','res',0,'',1001,'2018-01-22',NULL,NULL),(9083,1,'testTask','test','res',0,'',1001,'2018-01-22',NULL,NULL),(9084,2,'testTask','test','res',0,'',1001,'2018-01-22',NULL,NULL),(9085,4,'testTask','test','res',0,'',1001,'2018-01-22',NULL,NULL),(9086,1,'testTask','test','res',0,'',1000,'2018-01-22',NULL,NULL),(9087,2,'testTask','test','res',0,'',1001,'2018-01-22',NULL,NULL),(9088,4,'testTask','test','res',0,'',1001,'2018-01-22',NULL,NULL),(9089,1,'testTask','test','res',0,'',1002,'2018-01-22',NULL,NULL),(9090,2,'testTask','test','res',0,'',1000,'2018-01-22',NULL,NULL),(9091,4,'testTask','test','res',0,'',1001,'2018-01-22',NULL,NULL),(9092,1,'testTask','test','res',0,'',1001,'2018-01-22',NULL,NULL),(9093,2,'testTask','test','res',0,'',1001,'2018-01-22',NULL,NULL),(9094,4,'testTask','test','res',0,'',1001,'2018-01-22',NULL,NULL),(9095,1,'testTask','test','res',0,'',1001,'2018-01-22',NULL,NULL),(9096,2,'testTask','test','res',0,'',1001,'2018-01-22',NULL,NULL),(9097,4,'testTask','test','res',0,'',1001,'2018-01-22',NULL,NULL),(9098,1,'testTask','test','res',0,'',1001,'2018-01-22',NULL,NULL),(9099,2,'testTask','test','res',0,'',1001,'2018-01-22',NULL,NULL),(9100,4,'testTask','test','res',0,'',1001,'2018-01-22',NULL,NULL),(9101,1,'testTask','test','res',0,'',1001,'2018-01-22',NULL,NULL),(9102,2,'testTask','test','res',0,'',1000,'2018-01-22',NULL,NULL),(9103,4,'testTask','test','res',0,'',1001,'2018-01-22',NULL,NULL),(9104,1,'testTask','test','res',0,'',1001,'2018-01-22',NULL,NULL),(9105,2,'testTask','test','res',0,'',1001,'2018-01-22',NULL,NULL),(9106,4,'testTask','test','res',0,'',1000,'2018-01-22',NULL,NULL),(9107,1,'testTask','test','res',0,'',1000,'2018-01-22',NULL,NULL),(9108,2,'testTask','test','res',0,'',1001,'2018-01-22',NULL,NULL),(9109,4,'testTask','test','res',0,'',1001,'2018-01-22',NULL,NULL),(9110,1,'testTask','test','res',0,'',1001,'2018-01-22',NULL,NULL),(9111,2,'testTask','test','res',0,'',1001,'2018-01-22',NULL,NULL),(9112,4,'testTask','test','res',0,'',1000,'2018-01-22',NULL,NULL),(9113,1,'testTask','test','res',0,'',1001,'2018-01-22',NULL,NULL),(9114,2,'testTask','test','res',0,'',1001,'2018-01-22',NULL,NULL),(9115,4,'testTask','test','res',0,'',1000,'2018-01-22',NULL,NULL),(9116,1,'testTask','test','res',0,'',1002,'2018-01-22',NULL,NULL),(9117,2,'testTask','test','res',0,'',1001,'2018-01-22',NULL,NULL),(9118,4,'testTask','test','res',0,'',1001,'2018-01-22',NULL,NULL),(9119,1,'testTask','test','res',0,'',1001,'2018-01-22',NULL,NULL),(9120,2,'testTask','test','res',0,'',1000,'2018-01-22',NULL,NULL),(9121,4,'testTask','test','res',0,'',1000,'2018-01-22',NULL,NULL),(9122,1,'testTask','test','res',0,'',1000,'2018-01-22',NULL,NULL),(9123,2,'testTask','test','res',0,'',1000,'2018-01-22',NULL,NULL),(9124,4,'testTask','test','res',0,'',1001,'2018-01-22',NULL,NULL),(9125,1,'testTask','test','res',0,'',1000,'2018-01-22',NULL,NULL),(9126,2,'testTask','test','res',0,'',1001,'2018-01-22',NULL,NULL),(9127,4,'testTask','test','res',0,'',1009,'2018-01-22',NULL,NULL),(9128,1,'testTask','test','res',0,'',1000,'2018-01-22',NULL,NULL),(9129,4,'testTask','test','res',0,'',1002,'2018-01-22',NULL,NULL),(9130,2,'testTask','test','res',0,'',1023,'2018-01-22',NULL,NULL),(9131,1,'testTask','test','res',0,'',1000,'2018-01-22',NULL,NULL),(9132,2,'testTask','test','res',0,'',1000,'2018-01-22',NULL,NULL),(9133,4,'testTask','test','res',0,'',1001,'2018-01-22',NULL,NULL),(9134,1,'testTask','test','res',0,'',1000,'2018-01-22',NULL,NULL),(9135,2,'testTask','test','res',0,'',1001,'2018-01-22',NULL,NULL),(9136,4,'testTask','test','res',0,'',1002,'2018-01-22',NULL,NULL),(9137,4,'testTask','test','res',0,'',1008,'2018-01-22',NULL,NULL),(9138,1,'testTask','test','res',0,'',1010,'2018-01-22',NULL,NULL),(9139,2,'testTask','test','res',0,'',1051,'2018-01-22',NULL,NULL),(9140,1,'testTask','test','res',0,'',1001,'2018-01-22',NULL,NULL),(9141,2,'testTask','test','res',0,'',1001,'2018-01-22',NULL,NULL),(9142,4,'testTask','test','res',0,'',1001,'2018-01-22',NULL,NULL),(9143,1,'testTask','test','res',0,'',1001,'2018-01-22',NULL,NULL),(9144,2,'testTask','test','res',0,'',1001,'2018-01-22',NULL,NULL),(9145,4,'testTask','test','res',0,'',1001,'2018-01-22',NULL,NULL),(9146,1,'testTask','test','res',0,'',1001,'2018-01-22',NULL,NULL),(9147,2,'testTask','test','res',0,'',1001,'2018-01-22',NULL,NULL),(9148,4,'testTask','test','res',0,'',1000,'2018-01-22',NULL,NULL),(9149,1,'testTask','test','res',0,'',1000,'2018-01-22',NULL,NULL),(9150,2,'testTask','test','res',0,'',1000,'2018-01-22',NULL,NULL),(9151,4,'testTask','test','res',0,'',1001,'2018-01-22',NULL,NULL),(9152,1,'testTask','test','res',0,'',1001,'2018-01-22',NULL,NULL),(9153,2,'testTask','test','res',0,'',1001,'2018-01-22',NULL,NULL),(9154,4,'testTask','test','res',0,'',1000,'2018-01-22',NULL,NULL),(9155,1,'testTask','test','res',0,'',1001,'2018-01-22',NULL,NULL),(9156,2,'testTask','test','res',0,'',1001,'2018-01-22',NULL,NULL),(9157,4,'testTask','test','res',0,'',1000,'2018-01-22',NULL,NULL),(9158,1,'testTask','test','res',0,'',1000,'2018-01-22',NULL,NULL),(9159,2,'testTask','test','res',0,'',1001,'2018-01-22',NULL,NULL),(9160,4,'testTask','test','res',0,'',1000,'2018-01-22',NULL,NULL),(9161,1,'testTask','test','res',0,'',1001,'2018-01-22',NULL,NULL),(9162,2,'testTask','test','res',0,'',1001,'2018-01-22',NULL,NULL),(9163,4,'testTask','test','res',0,'',1001,'2018-01-22',NULL,NULL),(9164,1,'testTask','test','res',0,'',1001,'2018-01-22',NULL,NULL),(9165,2,'testTask','test','res',0,'',1000,'2018-01-22',NULL,NULL),(9166,4,'testTask','test','res',0,'',1001,'2018-01-22',NULL,NULL),(9167,1,'testTask','test','res',0,'',1001,'2018-01-22',NULL,NULL),(9168,2,'testTask','test','res',0,'',1001,'2018-01-22',NULL,NULL),(9169,4,'testTask','test','res',0,'',1001,'2018-01-22',NULL,NULL),(9170,1,'testTask','test','res',0,'',1001,'2018-01-22',NULL,NULL),(9171,2,'testTask','test','res',0,'',1001,'2018-01-22',NULL,NULL),(9172,4,'testTask','test','res',0,'',1001,'2018-01-22',NULL,NULL),(9173,1,'testTask','test','res',0,'',1001,'2018-01-23',NULL,NULL),(9174,2,'testTask','test','res',0,'',1000,'2018-01-23',NULL,NULL),(9175,4,'testTask','test','res',0,'',1001,'2018-01-23',NULL,NULL),(9176,1,'testTask','test','res',0,'',1000,'2018-01-23',NULL,NULL),(9177,2,'testTask','test','res',0,'',1001,'2018-01-23',NULL,NULL),(9178,4,'testTask','test','res',0,'',1000,'2018-01-23',NULL,NULL),(9179,1,'testTask','test','res',0,'',1004,'2018-01-23',NULL,NULL),(9180,2,'testTask','test','res',0,'',1000,'2018-01-23',NULL,NULL),(9181,4,'testTask','test','res',0,'',1001,'2018-01-23',NULL,NULL),(9182,1,'testTask','test','res',0,'',1001,'2018-01-23',NULL,NULL),(9183,2,'testTask','test','res',0,'',1004,'2018-01-23',NULL,NULL),(9184,4,'testTask','test','res',0,'',1000,'2018-01-23',NULL,NULL),(9185,1,'testTask','test','res',0,'',1003,'2018-01-23',NULL,NULL),(9186,2,'testTask','test','res',0,'',1000,'2018-01-23',NULL,NULL),(9187,4,'testTask','test','res',0,'',1000,'2018-01-23',NULL,NULL),(9188,1,'testTask','test','res',0,'',1002,'2018-01-23',NULL,NULL),(9189,2,'testTask','test','res',0,'',1001,'2018-01-23',NULL,NULL),(9190,4,'testTask','test','res',0,'',1000,'2018-01-23',NULL,NULL),(9191,4,'testTask','test','res',0,'',1016,'2018-01-23',NULL,NULL),(9192,2,'testTask','test','res',0,'',1016,'2018-01-23',NULL,NULL),(9193,1,'testTask','test','res',0,'',1016,'2018-01-23',NULL,NULL),(9194,1,'testTask','test','res',0,'',1000,'2018-01-23',NULL,NULL),(9195,2,'testTask','test','res',0,'',1000,'2018-01-23',NULL,NULL),(9196,4,'testTask','test','res',0,'',1000,'2018-01-23',NULL,NULL),(9197,1,'testTask','test','res',0,'',1001,'2018-01-23',NULL,NULL),(9198,2,'testTask','test','res',0,'',1001,'2018-01-23',NULL,NULL),(9199,4,'testTask','test','res',0,'',1001,'2018-01-23',NULL,NULL),(9200,1,'testTask','test','res',0,'',1001,'2018-01-23',NULL,NULL),(9201,2,'testTask','test','res',0,'',1001,'2018-01-23',NULL,NULL),(9202,4,'testTask','test','res',0,'',1001,'2018-01-23',NULL,NULL),(9203,1,'testTask','test','res',0,'',1001,'2018-01-23',NULL,NULL),(9204,2,'testTask','test','res',0,'',1002,'2018-01-23',NULL,NULL),(9205,4,'testTask','test','res',0,'',1001,'2018-01-23',NULL,NULL),(9206,1,'testTask','test','res',0,'',1002,'2018-01-23',NULL,NULL),(9207,2,'testTask','test','res',0,'',1001,'2018-01-23',NULL,NULL),(9208,4,'testTask','test','res',0,'',1002,'2018-01-23',NULL,NULL),(9209,1,'testTask','test','res',0,'',1001,'2018-01-23',NULL,NULL),(9210,2,'testTask','test','res',0,'',1001,'2018-01-23',NULL,NULL),(9211,4,'testTask','test','res',0,'',1001,'2018-01-23',NULL,NULL),(9212,1,'testTask','test','res',0,'',1001,'2018-01-23',NULL,NULL),(9213,2,'testTask','test','res',0,'',1000,'2018-01-23',NULL,NULL),(9214,4,'testTask','test','res',0,'',1001,'2018-01-23',NULL,NULL),(9215,1,'testTask','test','res',0,'',1004,'2018-01-23',NULL,NULL),(9216,2,'testTask','test','res',0,'',1003,'2018-01-23',NULL,NULL),(9217,4,'testTask','test','res',0,'',1000,'2018-01-23',NULL,NULL),(9218,1,'testTask','test','res',0,'',1001,'2018-01-23',NULL,NULL),(9219,2,'testTask','test','res',0,'',1001,'2018-01-23',NULL,NULL),(9220,4,'testTask','test','res',0,'',1002,'2018-01-23',NULL,NULL),(9221,2,'testTask','test','res',0,'',1009,'2018-01-23',NULL,NULL),(9222,4,'testTask','test','res',0,'',1009,'2018-01-23',NULL,NULL),(9223,1,'testTask','test','res',0,'',1009,'2018-01-23',NULL,NULL),(9224,1,'testTask','test','res',0,'',1002,'2018-01-23',NULL,NULL),(9225,2,'testTask','test','res',0,'',1001,'2018-01-23',NULL,NULL),(9226,4,'testTask','test','res',0,'',1002,'2018-01-23',NULL,NULL),(9227,1,'testTask','test','res',0,'',1001,'2018-01-23',NULL,NULL),(9228,2,'testTask','test','res',0,'',1001,'2018-01-23',NULL,NULL),(9229,4,'testTask','test','res',0,'',1001,'2018-01-23',NULL,NULL),(9230,1,'testTask','test','res',0,'',1001,'2018-01-23',NULL,NULL),(9231,2,'testTask','test','res',0,'',1000,'2018-01-23',NULL,NULL),(9232,4,'testTask','test','res',0,'',1001,'2018-01-23',NULL,NULL),(9233,1,'testTask','test','res',0,'',1001,'2018-01-23',NULL,NULL),(9234,2,'testTask','test','res',0,'',1001,'2018-01-23',NULL,NULL),(9235,4,'testTask','test','res',0,'',1000,'2018-01-23',NULL,NULL),(9236,1,'testTask','test','res',0,'',1003,'2018-01-23',NULL,NULL),(9237,2,'testTask','test','res',0,'',1002,'2018-01-23',NULL,NULL),(9238,4,'testTask','test','res',0,'',1000,'2018-01-23',NULL,NULL),(9239,1,'testTask','test','res',0,'',1002,'2018-01-23',NULL,NULL),(9240,2,'testTask','test','res',0,'',1001,'2018-01-23',NULL,NULL),(9241,4,'testTask','test','res',0,'',1001,'2018-01-23',NULL,NULL),(9242,1,'testTask','test','res',0,'',1002,'2018-01-23',NULL,NULL),(9243,2,'testTask','test','res',0,'',1000,'2018-01-23',NULL,NULL),(9244,4,'testTask','test','res',0,'',1001,'2018-01-23',NULL,NULL),(9245,1,'testTask','test','res',0,'',1001,'2018-01-23',NULL,NULL),(9246,2,'testTask','test','res',0,'',1002,'2018-01-23',NULL,NULL),(9247,4,'testTask','test','res',0,'',1002,'2018-01-23',NULL,NULL),(9248,1,'testTask','test','res',0,'',1001,'2018-01-23',NULL,NULL),(9249,2,'testTask','test','res',0,'',1000,'2018-01-23',NULL,NULL),(9250,4,'testTask','test','res',0,'',1001,'2018-01-23',NULL,NULL),(9251,1,'testTask','test','res',0,'',1001,'2018-01-23',NULL,NULL),(9252,2,'testTask','test','res',0,'',1000,'2018-01-23',NULL,NULL),(9253,4,'testTask','test','res',0,'',1001,'2018-01-23',NULL,NULL),(9254,1,'testTask','test','res',0,'',1001,'2018-01-23',NULL,NULL),(9255,2,'testTask','test','res',0,'',1001,'2018-01-23',NULL,NULL),(9256,4,'testTask','test','res',0,'',1001,'2018-01-23',NULL,NULL),(9257,1,'testTask','test','res',0,'',1000,'2018-01-23',NULL,NULL),(9258,2,'testTask','test','res',0,'',1001,'2018-01-23',NULL,NULL),(9259,4,'testTask','test','res',0,'',1001,'2018-01-23',NULL,NULL),(9260,1,'testTask','test','res',0,'',1001,'2018-01-23',NULL,NULL),(9261,2,'testTask','test','res',0,'',1001,'2018-01-23',NULL,NULL),(9262,4,'testTask','test','res',0,'',1000,'2018-01-23',NULL,NULL),(9263,1,'testTask','test','res',0,'',1007,'2018-01-23',NULL,NULL),(9264,2,'testTask','test','res',0,'',1001,'2018-01-23',NULL,NULL),(9265,4,'testTask','test','res',0,'',1001,'2018-01-23',NULL,NULL),(9266,1,'testTask','test','res',0,'',1001,'2018-01-23',NULL,NULL),(9267,2,'testTask','test','res',0,'',1000,'2018-01-23',NULL,NULL),(9268,4,'testTask','test','res',0,'',1001,'2018-01-23',NULL,NULL),(9269,1,'testTask','test','res',0,'',1003,'2018-01-23',NULL,NULL),(9270,2,'testTask','test','res',0,'',1001,'2018-01-23',NULL,NULL),(9271,4,'testTask','test','res',0,'',1001,'2018-01-23',NULL,NULL),(9272,1,'testTask','test','res',0,'',1000,'2018-01-23',NULL,NULL),(9273,2,'testTask','test','res',0,'',1001,'2018-01-23',NULL,NULL),(9274,4,'testTask','test','res',0,'',1001,'2018-01-23',NULL,NULL),(9275,1,'testTask','test','res',0,'',1001,'2018-01-23',NULL,NULL),(9276,2,'testTask','test','res',0,'',1000,'2018-01-23',NULL,NULL),(9277,4,'testTask','test','res',0,'',1001,'2018-01-23',NULL,NULL),(9278,1,'testTask','test','res',0,'',1000,'2018-01-23',NULL,NULL),(9279,2,'testTask','test','res',0,'',1000,'2018-01-23',NULL,NULL),(9280,4,'testTask','test','res',0,'',1001,'2018-01-23',NULL,NULL),(9281,1,'testTask','test','res',0,'',1001,'2018-01-23',NULL,NULL),(9282,2,'testTask','test','res',0,'',1001,'2018-01-23',NULL,NULL),(9283,4,'testTask','test','res',0,'',1000,'2018-01-23',NULL,NULL),(9284,1,'testTask','test','res',0,'',1008,'2018-01-23',NULL,NULL),(9285,2,'testTask','test','res',0,'',1006,'2018-01-23',NULL,NULL),(9286,4,'testTask','test','res',0,'',1002,'2018-01-23',NULL,NULL),(9287,1,'testTask','test','res',0,'',1001,'2018-01-23',NULL,NULL),(9288,2,'testTask','test','res',0,'',1000,'2018-01-23',NULL,NULL),(9289,4,'testTask','test','res',0,'',1001,'2018-01-23',NULL,NULL),(9290,1,'testTask','test','res',0,'',1001,'2018-01-23',NULL,NULL),(9291,2,'testTask','test','res',0,'',1000,'2018-01-23',NULL,NULL),(9292,4,'testTask','test','res',0,'',1000,'2018-01-23',NULL,NULL),(9293,1,'testTask','test','res',0,'',1001,'2018-01-23',NULL,NULL),(9294,2,'testTask','test','res',0,'',1000,'2018-01-23',NULL,NULL),(9295,4,'testTask','test','res',0,'',1001,'2018-01-23',NULL,NULL),(9296,4,'testTask','test','res',0,'',1020,'2018-01-23',NULL,NULL),(9297,2,'testTask','test','res',0,'',1020,'2018-01-23',NULL,NULL),(9298,1,'testTask','test','res',0,'',1010,'2018-01-23',NULL,NULL),(9299,1,'testTask','test','res',0,'',1000,'2018-01-23',NULL,NULL),(9300,2,'testTask','test','res',0,'',1000,'2018-01-23',NULL,NULL),(9301,4,'testTask','test','res',0,'',1002,'2018-01-23',NULL,NULL),(9302,1,'testTask','test','res',0,'',1001,'2018-01-23',NULL,NULL),(9303,2,'testTask','test','res',0,'',1001,'2018-01-23',NULL,NULL),(9304,4,'testTask','test','res',0,'',1001,'2018-01-23',NULL,NULL),(9305,1,'testTask','test','res',0,'',1001,'2018-01-23',NULL,NULL),(9306,2,'testTask','test','res',0,'',1000,'2018-01-23',NULL,NULL),(9307,4,'testTask','test','res',0,'',1000,'2018-01-23',NULL,NULL),(9308,2,'testTask','test','res',0,'',1007,'2018-01-23',NULL,NULL),(9309,4,'testTask','test','res',0,'',1003,'2018-01-23',NULL,NULL),(9310,1,'testTask','test','res',0,'',1009,'2018-01-23',NULL,NULL),(9311,1,'testTask','test','res',0,'',1002,'2018-01-23',NULL,NULL),(9312,4,'testTask','test','res',0,'',1018,'2018-01-23',NULL,NULL),(9313,2,'testTask','test','res',0,'',1068,'2018-01-23',NULL,NULL),(9314,1,'testTask','test','res',0,'',1003,'2018-01-23',NULL,NULL),(9315,2,'testTask','test','res',0,'',1000,'2018-01-23',NULL,NULL),(9316,4,'testTask','test','res',0,'',1000,'2018-01-23',NULL,NULL),(9317,1,'testTask','test','res',0,'',1004,'2018-01-23',NULL,NULL),(9318,4,'testTask','test','res',0,'',1000,'2018-01-23',NULL,NULL),(9319,2,'testTask','test','res',0,'',1004,'2018-01-23',NULL,NULL),(9320,1,'testTask','test','res',0,'',1001,'2018-01-23',NULL,NULL),(9321,2,'testTask','test','res',0,'',1000,'2018-01-23',NULL,NULL),(9322,4,'testTask','test','res',0,'',1001,'2018-01-23',NULL,NULL),(9323,1,'testTask','test','res',0,'',1001,'2018-01-23',NULL,NULL),(9324,2,'testTask','test','res',0,'',1001,'2018-01-23',NULL,NULL),(9325,4,'testTask','test','res',0,'',1000,'2018-01-23',NULL,NULL),(9326,1,'testTask','test','res',0,'',1001,'2018-01-23',NULL,NULL),(9327,2,'testTask','test','res',0,'',1000,'2018-01-23',NULL,NULL),(9328,4,'testTask','test','res',0,'',1001,'2018-01-23',NULL,NULL),(9329,1,'testTask','test','res',0,'',1001,'2018-01-23',NULL,NULL),(9330,2,'testTask','test','res',0,'',1000,'2018-01-23',NULL,NULL),(9331,4,'testTask','test','res',0,'',1001,'2018-01-23',NULL,NULL),(9332,1,'testTask','test','res',0,'',1001,'2018-01-23',NULL,NULL),(9333,2,'testTask','test','res',0,'',1001,'2018-01-23',NULL,NULL),(9334,4,'testTask','test','res',0,'',1001,'2018-01-23',NULL,NULL),(9335,1,'testTask','test','res',0,'',1001,'2018-01-23',NULL,NULL),(9336,2,'testTask','test','res',0,'',1001,'2018-01-23',NULL,NULL),(9337,4,'testTask','test','res',0,'',1001,'2018-01-23',NULL,NULL),(9338,1,'testTask','test','res',0,'',1000,'2018-01-23',NULL,NULL),(9339,2,'testTask','test','res',0,'',1000,'2018-01-23',NULL,NULL),(9340,4,'testTask','test','res',0,'',1000,'2018-01-23',NULL,NULL),(9341,1,'testTask','test','res',0,'',1001,'2018-01-23',NULL,NULL),(9342,2,'testTask','test','res',0,'',1000,'2018-01-23',NULL,NULL),(9343,4,'testTask','test','res',0,'',1001,'2018-01-23',NULL,NULL),(9344,1,'testTask','test','res',0,'',1001,'2018-01-23',NULL,NULL),(9345,2,'testTask','test','res',0,'',1001,'2018-01-23',NULL,NULL),(9346,4,'testTask','test','res',0,'',1001,'2018-01-23',NULL,NULL),(9347,1,'testTask','test','res',0,'',1001,'2018-01-23',NULL,NULL),(9348,2,'testTask','test','res',0,'',1000,'2018-01-23',NULL,NULL),(9349,4,'testTask','test','res',0,'',1001,'2018-01-23',NULL,NULL),(9350,1,'testTask','test','res',0,'',1001,'2018-01-23',NULL,NULL),(9351,2,'testTask','test','res',0,'',1001,'2018-01-23',NULL,NULL),(9352,4,'testTask','test','res',0,'',1001,'2018-01-23',NULL,NULL),(9353,1,'testTask','test','res',0,'',1001,'2018-01-23',NULL,NULL),(9354,2,'testTask','test','res',0,'',1000,'2018-01-23',NULL,NULL),(9355,4,'testTask','test','res',0,'',1001,'2018-01-23',NULL,NULL),(9356,1,'testTask','test','res',0,'',1001,'2018-01-23',NULL,NULL),(9357,2,'testTask','test','res',0,'',1001,'2018-01-23',NULL,NULL),(9358,4,'testTask','test','res',0,'',1001,'2018-01-23',NULL,NULL),(9359,1,'testTask','test','res',0,'',1001,'2018-01-23',NULL,NULL),(9360,2,'testTask','test','res',0,'',1000,'2018-01-23',NULL,NULL),(9361,4,'testTask','test','res',0,'',1000,'2018-01-23',NULL,NULL),(9362,1,'testTask','test','res',0,'',1001,'2018-01-23',NULL,NULL),(9363,2,'testTask','test','res',0,'',1001,'2018-01-23',NULL,NULL),(9364,4,'testTask','test','res',0,'',1001,'2018-01-23',NULL,NULL),(9365,1,'testTask','test','res',0,'',1001,'2018-01-23',NULL,NULL),(9366,2,'testTask','test','res',0,'',1001,'2018-01-23',NULL,NULL),(9367,4,'testTask','test','res',0,'',1000,'2018-01-23',NULL,NULL),(9368,1,'testTask','test','res',0,'',1000,'2018-01-23',NULL,NULL),(9369,2,'testTask','test','res',0,'',1000,'2018-01-23',NULL,NULL),(9370,4,'testTask','test','res',0,'',1000,'2018-01-23',NULL,NULL),(9371,1,'testTask','test','res',0,'',1001,'2018-01-23',NULL,NULL),(9372,2,'testTask','test','res',0,'',1001,'2018-01-23',NULL,NULL),(9373,4,'testTask','test','res',0,'',1000,'2018-01-23',NULL,NULL),(9374,1,'testTask','test','res',0,'',1001,'2018-01-23',NULL,NULL),(9375,2,'testTask','test','res',0,'',1000,'2018-01-23',NULL,NULL),(9376,4,'testTask','test','res',0,'',1000,'2018-01-23',NULL,NULL),(9377,1,'testTask','test','res',0,'',1001,'2018-01-23',NULL,NULL),(9378,2,'testTask','test','res',0,'',1000,'2018-01-23',NULL,NULL),(9379,4,'testTask','test','res',0,'',1001,'2018-01-23',NULL,NULL),(9380,1,'testTask','test','res',0,'',1001,'2018-01-23',NULL,NULL),(9381,2,'testTask','test','res',0,'',1000,'2018-01-23',NULL,NULL),(9382,4,'testTask','test','res',0,'',1000,'2018-01-23',NULL,NULL),(9383,1,'testTask','test','res',0,'',1000,'2018-01-23',NULL,NULL),(9384,2,'testTask','test','res',0,'',1000,'2018-01-23',NULL,NULL),(9385,4,'testTask','test','res',0,'',1001,'2018-01-23',NULL,NULL),(9386,1,'testTask','test','res',0,'',1000,'2018-01-23',NULL,NULL),(9387,2,'testTask','test','res',0,'',1000,'2018-01-23',NULL,NULL),(9388,4,'testTask','test','res',0,'',1001,'2018-01-23',NULL,NULL),(9389,1,'testTask','test','res',0,'',1000,'2018-01-23',NULL,NULL),(9390,2,'testTask','test','res',0,'',1000,'2018-01-23',NULL,NULL),(9391,4,'testTask','test','res',0,'',1000,'2018-01-23',NULL,NULL),(9392,1,'testTask','test','res',0,'',1000,'2018-01-23',NULL,NULL),(9393,2,'testTask','test','res',0,'',1000,'2018-01-23',NULL,NULL),(9394,4,'testTask','test','res',0,'',1001,'2018-01-23',NULL,NULL),(9395,1,'testTask','test','res',0,'',1000,'2018-01-23',NULL,NULL),(9396,2,'testTask','test','res',0,'',1001,'2018-01-23',NULL,NULL),(9397,4,'testTask','test','res',0,'',1000,'2018-01-23',NULL,NULL),(9398,1,'testTask','test','res',0,'',1001,'2018-01-23',NULL,NULL),(9399,2,'testTask','test','res',0,'',1001,'2018-01-23',NULL,NULL),(9400,4,'testTask','test','res',0,'',1000,'2018-01-23',NULL,NULL),(9401,1,'testTask','test','res',0,'',1001,'2018-01-23',NULL,NULL),(9402,2,'testTask','test','res',0,'',1000,'2018-01-23',NULL,NULL),(9403,4,'testTask','test','res',0,'',1000,'2018-01-23',NULL,NULL),(9404,1,'testTask','test','res',0,'',1001,'2018-01-23',NULL,NULL),(9405,2,'testTask','test','res',0,'',1001,'2018-01-23',NULL,NULL),(9406,4,'testTask','test','res',0,'',1000,'2018-01-23',NULL,NULL),(9407,1,'testTask','test','res',0,'',1001,'2018-01-23',NULL,NULL),(9408,2,'testTask','test','res',0,'',1008,'2018-01-23',NULL,NULL),(9409,4,'testTask','test','res',0,'',1001,'2018-01-23',NULL,NULL),(9410,1,'testTask','test','res',0,'',1007,'2018-01-23',NULL,NULL),(9411,2,'testTask','test','res',0,'',1002,'2018-01-23',NULL,NULL),(9412,4,'testTask','test','res',0,'',1001,'2018-01-23',NULL,NULL),(9413,1,'testTask','test','res',0,'',1001,'2018-01-23',NULL,NULL),(9414,2,'testTask','test','res',0,'',1001,'2018-01-23',NULL,NULL),(9415,4,'testTask','test','res',0,'',1001,'2018-01-23',NULL,NULL),(9416,1,'testTask','test','res',0,'',1001,'2018-01-23',NULL,NULL),(9417,2,'testTask','test','res',0,'',1001,'2018-01-23',NULL,NULL),(9418,4,'testTask','test','res',0,'',1001,'2018-01-23',NULL,NULL),(9419,1,'testTask','test','res',0,'',1000,'2018-01-23',NULL,NULL),(9420,2,'testTask','test','res',0,'',1001,'2018-01-23',NULL,NULL),(9421,4,'testTask','test','res',0,'',1000,'2018-01-23',NULL,NULL),(9422,1,'testTask','test','res',0,'',1001,'2018-01-23',NULL,NULL),(9423,2,'testTask','test','res',0,'',1001,'2018-01-23',NULL,NULL),(9424,4,'testTask','test','res',0,'',1001,'2018-01-23',NULL,NULL),(9425,1,'testTask','test','res',0,'',1001,'2018-01-23',NULL,NULL),(9426,2,'testTask','test','res',0,'',1000,'2018-01-23',NULL,NULL),(9427,4,'testTask','test','res',0,'',1001,'2018-01-23',NULL,NULL),(9428,1,'testTask','test','res',0,'',1000,'2018-01-23',NULL,NULL),(9429,2,'testTask','test','res',0,'',1001,'2018-01-23',NULL,NULL),(9430,4,'testTask','test','res',0,'',1000,'2018-01-23',NULL,NULL),(9431,1,'testTask','test','res',0,'',1001,'2018-01-23',NULL,NULL),(9432,2,'testTask','test','res',0,'',1000,'2018-01-23',NULL,NULL),(9433,4,'testTask','test','res',0,'',1002,'2018-01-23',NULL,NULL),(9434,1,'testTask','test','res',0,'',1001,'2018-01-23',NULL,NULL),(9435,2,'testTask','test','res',0,'',1000,'2018-01-23',NULL,NULL),(9436,4,'testTask','test','res',0,'',1001,'2018-01-23',NULL,NULL),(9437,1,'testTask','test','res',0,'',1001,'2018-01-23',NULL,NULL),(9438,2,'testTask','test','res',0,'',1001,'2018-01-23',NULL,NULL),(9439,4,'testTask','test','res',0,'',1000,'2018-01-23',NULL,NULL),(9440,1,'testTask','test','res',0,'',1001,'2018-01-23',NULL,NULL),(9441,2,'testTask','test','res',0,'',1000,'2018-01-23',NULL,NULL),(9442,4,'testTask','test','res',0,'',1001,'2018-01-23',NULL,NULL),(9443,1,'testTask','test','res',0,'',1001,'2018-01-23',NULL,NULL),(9444,2,'testTask','test','res',0,'',1001,'2018-01-23',NULL,NULL),(9445,4,'testTask','test','res',0,'',1000,'2018-01-23',NULL,NULL),(9446,1,'testTask','test','res',0,'',1002,'2018-01-23',NULL,NULL),(9447,2,'testTask','test','res',0,'',1001,'2018-01-23',NULL,NULL),(9448,4,'testTask','test','res',0,'',1002,'2018-01-23',NULL,NULL),(9449,1,'testTask','test','res',0,'',1001,'2018-01-23',NULL,NULL),(9450,2,'testTask','test','res',0,'',1001,'2018-01-23',NULL,NULL),(9451,4,'testTask','test','res',0,'',1001,'2018-01-23',NULL,NULL),(9452,1,'testTask','test','res',0,'',1001,'2018-01-23',NULL,NULL),(9453,2,'testTask','test','res',0,'',1001,'2018-01-23',NULL,NULL),(9454,4,'testTask','test','res',0,'',1001,'2018-01-23',NULL,NULL),(9455,1,'testTask','test','res',0,'',1000,'2018-01-23',NULL,NULL),(9456,2,'testTask','test','res',0,'',1001,'2018-01-23',NULL,NULL),(9457,4,'testTask','test','res',0,'',1000,'2018-01-23',NULL,NULL),(9458,1,'testTask','test','res',0,'',1002,'2018-01-23',NULL,NULL),(9459,2,'testTask','test','res',0,'',1001,'2018-01-23',NULL,NULL),(9460,4,'testTask','test','res',0,'',1001,'2018-01-23',NULL,NULL),(9461,1,'testTask','test','res',0,'',1001,'2018-01-23',NULL,NULL),(9462,2,'testTask','test','res',0,'',1001,'2018-01-23',NULL,NULL),(9463,4,'testTask','test','res',0,'',1000,'2018-01-23',NULL,NULL),(9464,1,'testTask','test','res',0,'',1002,'2018-01-23',NULL,NULL),(9465,2,'testTask','test','res',0,'',1002,'2018-01-23',NULL,NULL),(9466,4,'testTask','test','res',0,'',1002,'2018-01-23',NULL,NULL),(9467,1,'testTask','test','res',0,'',1001,'2018-01-23',NULL,NULL),(9468,2,'testTask','test','res',0,'',1000,'2018-01-23',NULL,NULL),(9469,4,'testTask','test','res',0,'',1000,'2018-01-23',NULL,NULL),(9470,1,'testTask','test','res',0,'',1010,'2018-01-23',NULL,NULL),(9471,2,'testTask','test','res',0,'',1010,'2018-01-23',NULL,NULL),(9472,4,'testTask','test','res',0,'',1009,'2018-01-23',NULL,NULL),(9473,1,'testTask','test','res',0,'',1001,'2018-01-23',NULL,NULL),(9474,2,'testTask','test','res',0,'',1001,'2018-01-23',NULL,NULL),(9475,4,'testTask','test','res',0,'',1001,'2018-01-23',NULL,NULL),(9476,1,'testTask','test','res',0,'',1001,'2018-01-23',NULL,NULL),(9477,2,'testTask','test','res',0,'',1001,'2018-01-23',NULL,NULL),(9478,4,'testTask','test','res',0,'',1000,'2018-01-23',NULL,NULL),(9479,1,'testTask','test','res',0,'',1002,'2018-01-23',NULL,NULL),(9480,2,'testTask','test','res',0,'',1001,'2018-01-23',NULL,NULL),(9481,4,'testTask','test','res',0,'',1001,'2018-01-23',NULL,NULL),(9482,1,'testTask','test','res',0,'',1000,'2018-01-24',NULL,NULL),(9483,2,'testTask','test','res',0,'',1000,'2018-01-24',NULL,NULL),(9484,4,'testTask','test','res',0,'',1001,'2018-01-24',NULL,NULL),(9485,1,'testTask','test','res',0,'',1001,'2018-01-24',NULL,NULL),(9486,2,'testTask','test','res',0,'',1000,'2018-01-24',NULL,NULL),(9487,4,'testTask','test','res',0,'',1001,'2018-01-24',NULL,NULL),(9488,1,'testTask','test','res',0,'',1001,'2018-01-24',NULL,NULL),(9489,2,'testTask','test','res',0,'',1001,'2018-01-24',NULL,NULL),(9490,4,'testTask','test','res',0,'',1001,'2018-01-24',NULL,NULL),(9491,1,'testTask','test','res',0,'',1000,'2018-01-24',NULL,NULL),(9492,2,'testTask','test','res',0,'',1000,'2018-01-24',NULL,NULL),(9493,4,'testTask','test','res',0,'',1008,'2018-01-24',NULL,NULL),(9494,1,'testTask','test','res',0,'',1000,'2018-01-24',NULL,NULL),(9495,2,'testTask','test','res',0,'',1003,'2018-01-24',NULL,NULL),(9496,4,'testTask','test','res',0,'',1000,'2018-01-24',NULL,NULL),(9497,1,'testTask','test','res',0,'',1001,'2018-01-24',NULL,NULL),(9498,2,'testTask','test','res',0,'',1011,'2018-01-24',NULL,NULL),(9499,4,'testTask','test','res',0,'',1001,'2018-01-24',NULL,NULL),(9500,1,'testTask','test','res',0,'',1000,'2018-01-24',NULL,NULL),(9501,2,'testTask','test','res',0,'',1000,'2018-01-24',NULL,NULL),(9502,4,'testTask','test','res',0,'',1000,'2018-01-24',NULL,NULL),(9503,1,'testTask','test','res',0,'',1000,'2018-01-24',NULL,NULL),(9504,2,'testTask','test','res',0,'',1000,'2018-01-24',NULL,NULL),(9505,4,'testTask','test','res',0,'',1000,'2018-01-24',NULL,NULL),(9506,2,'testTask','test','res',0,'',1000,'2018-01-24',NULL,NULL),(9507,1,'testTask','test','res',0,'',1000,'2018-01-24',NULL,NULL),(9508,4,'testTask','test','res',0,'',1000,'2018-01-24',NULL,NULL),(9509,1,'testTask','test','res',0,'',1000,'2018-01-24',NULL,NULL),(9510,2,'testTask','test','res',0,'',1000,'2018-01-24',NULL,NULL),(9511,4,'testTask','test','res',0,'',1000,'2018-01-24',NULL,NULL),(9512,2,'testTask','test','res',0,'',1000,'2018-01-24',NULL,NULL),(9513,1,'testTask','test','res',0,'',1000,'2018-01-24',NULL,NULL),(9514,4,'testTask','test','res',0,'',1000,'2018-01-24',NULL,NULL),(9515,2,'testTask','test','res',0,'',1000,'2018-01-24',NULL,NULL),(9516,1,'testTask','test','res',0,'',1000,'2018-01-24',NULL,NULL),(9517,4,'testTask','test','res',0,'',1000,'2018-01-24',NULL,NULL),(9518,4,'testTask','test','res',0,'',1030,'2018-01-24',NULL,NULL),(9519,1,'testTask','test','res',0,'',1031,'2018-01-24',NULL,NULL),(9520,2,'testTask','test','res',0,'',1032,'2018-01-24',NULL,NULL),(9521,1,'testTask','test','res',0,'',1002,'2018-01-24',NULL,NULL),(9522,2,'testTask','test','res',0,'',1002,'2018-01-24',NULL,NULL),(9523,4,'testTask','test','res',0,'',1001,'2018-01-24',NULL,NULL),(9524,2,'testTask','test','res',0,'',1001,'2018-01-24',NULL,NULL),(9525,1,'testTask','test','res',0,'',1005,'2018-01-24',NULL,NULL),(9526,4,'testTask','test','res',0,'',1001,'2018-01-24',NULL,NULL),(9527,1,'testTask','test','res',0,'',1001,'2018-01-24',NULL,NULL),(9528,2,'testTask','test','res',0,'',1001,'2018-01-24',NULL,NULL),(9529,4,'testTask','test','res',0,'',1000,'2018-01-24',NULL,NULL),(9530,2,'testTask','test','res',0,'',1001,'2018-01-24',NULL,NULL),(9531,1,'testTask','test','res',0,'',1004,'2018-01-24',NULL,NULL),(9532,4,'testTask','test','res',0,'',1001,'2018-01-24',NULL,NULL),(9533,1,'testTask','test','res',0,'',1010,'2018-01-24',NULL,NULL),(9534,2,'testTask','test','res',0,'',1001,'2018-01-24',NULL,NULL),(9535,4,'testTask','test','res',0,'',1000,'2018-01-24',NULL,NULL),(9536,1,'testTask','test','res',0,'',1001,'2018-01-24',NULL,NULL),(9537,2,'testTask','test','res',0,'',1001,'2018-01-24',NULL,NULL),(9538,4,'testTask','test','res',0,'',1001,'2018-01-24',NULL,NULL),(9539,1,'testTask','test','res',0,'',1010,'2018-01-24',NULL,NULL),(9540,2,'testTask','test','res',0,'',1000,'2018-01-24',NULL,NULL),(9541,4,'testTask','test','res',0,'',1001,'2018-01-24',NULL,NULL),(9542,1,'testTask','test','res',0,'',1000,'2018-01-24',NULL,NULL),(9543,2,'testTask','test','res',0,'',1001,'2018-01-24',NULL,NULL),(9544,4,'testTask','test','res',0,'',1001,'2018-01-24',NULL,NULL),(9545,1,'testTask','test','res',0,'',1001,'2018-01-24',NULL,NULL),(9546,2,'testTask','test','res',0,'',1001,'2018-01-24',NULL,NULL),(9547,4,'testTask','test','res',0,'',1002,'2018-01-24',NULL,NULL),(9548,1,'testTask','test','res',0,'',1001,'2018-01-24',NULL,NULL),(9549,2,'testTask','test','res',0,'',1001,'2018-01-24',NULL,NULL),(9550,4,'testTask','test','res',0,'',1001,'2018-01-24',NULL,NULL),(9551,1,'testTask','test','res',0,'',1001,'2018-01-24',NULL,NULL),(9552,2,'testTask','test','res',0,'',1001,'2018-01-24',NULL,NULL),(9553,4,'testTask','test','res',0,'',1001,'2018-01-24',NULL,NULL),(9554,1,'testTask','test','res',0,'',1002,'2018-01-24',NULL,NULL),(9555,2,'testTask','test','res',0,'',1002,'2018-01-24',NULL,NULL),(9556,4,'testTask','test','res',0,'',1000,'2018-01-24',NULL,NULL),(9557,1,'testTask','test','res',0,'',1003,'2018-01-24',NULL,NULL),(9558,2,'testTask','test','res',0,'',1002,'2018-01-24',NULL,NULL),(9559,4,'testTask','test','res',0,'',1002,'2018-01-24',NULL,NULL),(9560,1,'testTask','test','res',0,'',1000,'2018-01-24',NULL,NULL),(9561,2,'testTask','test','res',0,'',1001,'2018-01-24',NULL,NULL),(9562,4,'testTask','test','res',0,'',1000,'2018-01-24',NULL,NULL),(9563,1,'testTask','test','res',0,'',1000,'2018-01-24',NULL,NULL),(9564,2,'testTask','test','res',0,'',1000,'2018-01-24',NULL,NULL),(9565,4,'testTask','test','res',0,'',1002,'2018-01-24',NULL,NULL),(9566,1,'testTask','test','res',0,'',1001,'2018-01-24',NULL,NULL),(9567,2,'testTask','test','res',0,'',1001,'2018-01-24',NULL,NULL),(9568,4,'testTask','test','res',0,'',1001,'2018-01-24',NULL,NULL),(9569,1,'testTask','test','res',0,'',1001,'2018-01-24',NULL,NULL),(9570,2,'testTask','test','res',0,'',1000,'2018-01-24',NULL,NULL),(9571,4,'testTask','test','res',0,'',1001,'2018-01-24',NULL,NULL),(9572,1,'testTask','test','res',0,'',1001,'2018-01-24',NULL,NULL),(9573,2,'testTask','test','res',0,'',1000,'2018-01-24',NULL,NULL),(9574,4,'testTask','test','res',0,'',1001,'2018-01-24',NULL,NULL),(9575,1,'testTask','test','res',0,'',1001,'2018-01-24',NULL,NULL),(9576,2,'testTask','test','res',0,'',1000,'2018-01-24',NULL,NULL),(9577,4,'testTask','test','res',0,'',1000,'2018-01-24',NULL,NULL),(9578,1,'testTask','test','res',0,'',1003,'2018-01-24',NULL,NULL),(9579,2,'testTask','test','res',0,'',1008,'2018-01-24',NULL,NULL),(9580,4,'testTask','test','res',0,'',1000,'2018-01-24',NULL,NULL),(9581,1,'testTask','test','res',0,'',1003,'2018-01-24',NULL,NULL),(9582,2,'testTask','test','res',0,'',1000,'2018-01-24',NULL,NULL),(9583,4,'testTask','test','res',0,'',1001,'2018-01-24',NULL,NULL),(9584,1,'testTask','test','res',0,'',1000,'2018-01-24',NULL,NULL),(9585,2,'testTask','test','res',0,'',1001,'2018-01-24',NULL,NULL),(9586,4,'testTask','test','res',0,'',1001,'2018-01-24',NULL,NULL),(9587,1,'testTask','test','res',0,'',1002,'2018-01-24',NULL,NULL),(9588,2,'testTask','test','res',0,'',1000,'2018-01-24',NULL,NULL),(9589,4,'testTask','test','res',0,'',1001,'2018-01-24',NULL,NULL),(9590,1,'testTask','test','res',0,'',1001,'2018-01-24',NULL,NULL),(9591,2,'testTask','test','res',0,'',1001,'2018-01-24',NULL,NULL),(9592,4,'testTask','test','res',0,'',1000,'2018-01-24',NULL,NULL),(9593,1,'testTask','test','res',0,'',1001,'2018-01-24',NULL,NULL),(9594,2,'testTask','test','res',0,'',1002,'2018-01-24',NULL,NULL),(9595,4,'testTask','test','res',0,'',1001,'2018-01-24',NULL,NULL),(9596,1,'testTask','test','res',0,'',1001,'2018-01-24',NULL,NULL),(9597,2,'testTask','test','res',0,'',1000,'2018-01-24',NULL,NULL),(9598,4,'testTask','test','res',0,'',1000,'2018-01-24',NULL,NULL),(9599,1,'testTask','test','res',0,'',1001,'2018-01-24',NULL,NULL),(9600,2,'testTask','test','res',0,'',1002,'2018-01-24',NULL,NULL),(9601,4,'testTask','test','res',0,'',1004,'2018-01-24',NULL,NULL),(9602,1,'testTask','test','res',0,'',1000,'2018-01-24',NULL,NULL),(9603,2,'testTask','test','res',0,'',1000,'2018-01-24',NULL,NULL),(9604,4,'testTask','test','res',0,'',1001,'2018-01-24',NULL,NULL),(9605,1,'testTask','test','res',0,'',1004,'2018-01-24',NULL,NULL),(9606,2,'testTask','test','res',0,'',1001,'2018-01-24',NULL,NULL),(9607,4,'testTask','test','res',0,'',1001,'2018-01-24',NULL,NULL),(9608,1,'testTask','test','res',0,'',1002,'2018-01-24',NULL,NULL),(9609,2,'testTask','test','res',0,'',1000,'2018-01-24',NULL,NULL),(9610,4,'testTask','test','res',0,'',1001,'2018-01-24',NULL,NULL),(9611,1,'testTask','test','res',0,'',1000,'2018-01-24',NULL,NULL),(9612,2,'testTask','test','res',0,'',1001,'2018-01-24',NULL,NULL),(9613,4,'testTask','test','res',0,'',1001,'2018-01-24',NULL,NULL),(9614,1,'testTask','test','res',0,'',1001,'2018-01-24',NULL,NULL),(9615,2,'testTask','test','res',0,'',1000,'2018-01-24',NULL,NULL),(9616,4,'testTask','test','res',0,'',1001,'2018-01-24',NULL,NULL),(9617,1,'testTask','test','res',0,'',1000,'2018-01-24',NULL,NULL),(9618,2,'testTask','test','res',0,'',1001,'2018-01-24',NULL,NULL),(9619,4,'testTask','test','res',0,'',1000,'2018-01-24',NULL,NULL),(9620,1,'testTask','test','res',0,'',1000,'2018-01-24',NULL,NULL),(9621,2,'testTask','test','res',0,'',1004,'2018-01-24',NULL,NULL),(9622,4,'testTask','test','res',0,'',1001,'2018-01-24',NULL,NULL),(9623,1,'testTask','test','res',0,'',1001,'2018-01-24',NULL,NULL),(9624,2,'testTask','test','res',0,'',1001,'2018-01-24',NULL,NULL),(9625,4,'testTask','test','res',0,'',1000,'2018-01-24',NULL,NULL);
/*!40000 ALTER TABLE `schedule_job_log` ENABLE KEYS */;
UNLOCK TABLES;
/*!40103 SET TIME_ZONE=@OLD_TIME_ZONE */;

/*!40101 SET SQL_MODE=@OLD_SQL_MODE */;
/*!40014 SET FOREIGN_KEY_CHECKS=@OLD_FOREIGN_KEY_CHECKS */;
/*!40014 SET UNIQUE_CHECKS=@OLD_UNIQUE_CHECKS */;
/*!40101 SET CHARACTER_SET_CLIENT=@OLD_CHARACTER_SET_CLIENT */;
/*!40101 SET CHARACTER_SET_RESULTS=@OLD_CHARACTER_SET_RESULTS */;
/*!40101 SET COLLATION_CONNECTION=@OLD_COLLATION_CONNECTION */;
/*!40111 SET SQL_NOTES=@OLD_SQL_NOTES */;

-- Dump completed on 2019-12-13 19:40:34
